draw_id,date,n1,n2,n3,n4,n5,n6,extra,jackpot
02/053,2002-07-04,5,32,34,38,39,49,8,28389625
02/054,2002-07-06,10,20,21,33,40,44,34,0
02/055,2002-07-09,10,20,26,28,35,48,13,10436325
02/056,2002-07-11,14,19,23,36,44,46,7,0
02/057,2002-07-13,9,24,25,27,36,38,41,9130400
02/058,2002-07-16,7,13,14,20,29,32,28,5377455
02/059,2002-07-18,11,22,24,28,29,38,20,1666665
02/060,2002-07-20,1,11,29,33,36,44,37,5000000
02/061,2002-07-23,9,12,25,31,43,44,5,5000000
02/062,2002-07-25,1,5,6,31,39,46,44,0
02/063,2002-07-27,1,23,25,32,43,44,30,0
02/064,2002-07-30,6,22,25,26,27,45,36,0
02/065,2002-08-01,3,7,11,22,28,36,18,0
02/066,2002-08-03,9,10,11,15,19,28,37,24019040
02/067,2002-08-06,5,10,24,32,39,49,1,0
02/068,2002-08-08,5,15,26,27,28,35,2,9504050
02/069,2002-08-10,5,28,29,31,44,46,45,5000000
02/070,2002-08-13,7,14,26,32,41,49,12,0
02/071,2002-08-15,4,23,24,25,38,40,37,9650470
02/072,2002-08-17,10,17,36,43,45,47,33,0
02/073,2002-08-20,2,6,16,26,36,41,8,3000185
02/074,2002-08-22,1,3,8,25,43,46,21,0
02/075,2002-08-24,2,7,12,19,23,49,4,0
02/076,2002-08-27,22,24,28,33,36,39,41,15477105
02/077,2002-08-29,3,7,31,32,35,47,15,0
02/078,2002-08-31,3,4,23,25,31,44,35,0
02/079,2002-09-03,10,37,40,42,43,46,30,0
02/080,2002-09-05,15,22,34,40,41,47,10,0
02/081,2002-09-10,8,14,16,22,37,46,36,32929680
02/082,2002-09-12,11,23,32,33,43,48,2,0
02/083,2002-09-17,5,13,19,27,29,35,40,0
02/084,2002-09-20,15,19,25,34,38,44,5,0
02/085,2002-09-24,1,10,34,41,47,48,19,25480810
02/086,2002-09-26,10,12,15,17,34,42,29,0
02/087,2002-09-30,7,15,24,41,47,49,25,0
02/088,2002-10-03,6,10,11,32,35,46,22,19309895
02/089,2002-10-08,5,9,20,30,32,42,2,0
02/090,2002-10-10,5,9,18,25,47,48,17,0
02/091,2002-10-15,1,12,14,33,36,37,13,0
02/092,2002-10-17,5,7,16,37,42,44,38,0
02/093,2002-10-22,1,13,18,30,32,46,19,35288735
02/094,2002-10-24,8,12,19,22,29,41,1,0
02/095,2002-10-29,8,10,14,25,43,44,41,0
02/096,2002-10-31,2,3,8,22,27,28,45,0
02/097,2002-11-04,1,3,12,23,31,48,34,21948010
02/098,2002-11-07,6,7,29,32,42,46,1,5000000
02/099,2002-11-12,5,8,9,26,33,38,28,5000000
02/100,2002-11-14,2,6,14,25,45,49,42,0
02/101,2002-11-19,3,15,22,23,42,47,18,0
02/102,2002-11-21,4,16,18,25,29,41,21,0
02/103,2002-11-26,19,21,40,42,46,47,33,27987140
02/104,2002-11-28,17,19,26,31,37,43,38,0
02/105,2002-12-03,9,11,14,17,24,28,46,0
02/106,2002-12-05,11,21,27,31,37,44,1,0
02/107,2002-12-10,5,36,37,38,46,49,17,0
02/108,2002-12-12,7,15,16,23,31,35,8,0
02/109,2002-12-17,6,18,39,40,41,42,9,0
02/110,2002-12-20,13,18,23,24,26,33,15,34312220
02/111,2002-12-23,1,11,18,19,39,40,42,0
02/112,2002-12-27,10,14,22,34,40,43,4,0
02/113,2002-12-31,10,18,19,28,40,44,24,2691330
03/001,2003-01-02,5,6,16,23,26,27,46,5000000
03/002,2003-01-07,9,10,12,26,38,43,15,0
03/003,2003-01-09,8,17,21,22,23,49,24,0
03/004,2003-01-14,7,11,13,28,32,33,20,5023900
03/005,2003-01-16,2,34,36,39,40,42,29,0
03/006,2003-01-21,16,20,21,43,44,49,6,6067045
03/007,2003-01-23,6,14,23,27,36,38,49,0
03/008,2003-01-28,5,10,25,30,41,46,48,28714610
03/009,2003-01-30,4,5,6,7,8,28,23,1000000
03/010,2003-02-04,7,12,20,27,28,43,46,0
03/011,2003-02-06,4,11,18,26,31,46,16,0
03/012,2003-02-11,11,22,23,28,38,40,29,0
03/013,2003-02-13,4,8,12,24,39,40,18,12605075
03/014,2003-02-18,10,16,19,20,40,49,24,0
03/015,2003-02-20,1,13,16,24,41,48,35,12422390
03/016,2003-02-25,13,19,23,28,42,45,15,5607430
03/017,2003-02-27,4,9,12,21,25,34,36,0
03/018,2003-03-04,9,32,33,38,42,44,43,10616660
03/019,2003-03-06,15,20,35,40,45,48,30,5000000
03/020,2003-03-11,10,20,22,31,35,39,17,0
03/021,2003-03-13,2,3,20,21,43,49,32,11655195
03/022,2003-03-18,8,10,22,23,24,35,33,5740445
03/023,2003-03-20,13,14,21,23,39,42,36,0
03/024,2003-03-25,13,23,28,30,34,42,20,0
03/025,2003-03-27,9,21,22,26,37,48,35,16455605
03/026,2003-04-01,12,17,30,40,43,48,18,0
03/027,2003-04-03,21,29,32,38,41,43,7,6379850
03/028,2003-04-08,6,11,13,24,40,47,42,0
03/029,2003-04-10,7,11,13,23,31,33,28,1519175
03/030,2003-04-15,9,15,27,28,37,39,33,15371670
03/031,2003-04-17,12,18,26,34,38,45,43,0
03/032,2003-04-22,7,14,26,27,31,36,43,0
03/033,2003-04-24,11,14,17,20,42,47,27,0
03/034,2003-04-29,19,30,37,41,47,49,3,0
03/035,2003-05-02,3,8,10,19,31,35,36,18573370
03/036,2003-05-06,7,19,30,34,37,44,48,5489670
03/037,2003-05-09,11,20,23,29,32,33,35,0
03/038,2003-05-13,9,17,20,29,34,35,18,0
03/039,2003-05-15,8,29,31,32,36,38,12,0
03/040,2003-05-20,6,28,39,40,43,45,42,24901925
03/041,2003-05-22,8,14,17,23,28,43,26,5000000
03/042,2003-05-27,1,27,28,29,31,49,6,2500000
03/043,2003-05-29,13,16,19,31,39,47,29,0
03/044,2003-06-03,2,12,21,37,47,49,11,58188295
03/045,2003-06-05,9,27,30,33,44,48,37,0
03/046,2003-06-10,10,19,26,30,32,44,29,10876635
03/047,2003-06-12,3,14,27,31,38,44,26,0
03/048,2003-06-17,3,11,18,22,24,37,49,0
03/049,2003-06-19,3,4,10,24,26,47,12,0
03/050,2003-06-24,2,10,21,22,37,44,47,0
03/051,2003-06-26,7,9,26,29,37,40,11,41611480
03/052,2003-06-30,14,16,18,32,44,47,2,0
03/053,2003-07-03,5,6,12,20,39,47,38,0
03/054,2003-07-05,1,12,13,16,36,46,49,0
03/055,2003-07-08,1,6,15,21,23,33,30,24852015
03/056,2003-07-10,24,28,29,30,42,49,47,0
03/057,2003-07-12,14,17,28,31,37,43,39,0
03/058,2003-07-15,1,4,5,7,9,27,21,908250
03/059,2003-07-17,12,16,21,24,30,39,7,0
03/060,2003-07-19,5,7,10,23,31,34,38,0
03/061,2003-07-22,2,6,9,14,17,29,22,0
03/062,2003-07-24,18,24,26,29,30,46,39,0
03/063,2003-07-26,12,14,25,30,34,35,23,34566180
03/064,2003-07-29,2,5,6,11,20,34,32,0
03/065,2003-07-31,5,15,17,18,24,47,7,0
03/066,2003-08-02,16,29,31,33,36,38,4,0
03/067,2003-08-05,2,22,39,41,42,45,26,0
03/068,2003-08-07,2,12,17,31,37,40,1,0
03/069,2003-08-09,16,17,26,28,40,42,44,47806530
03/070,2003-08-12,6,9,18,26,33,38,29,5000000
03/071,2003-08-14,2,11,17,18,20,27,10,0
03/072,2003-08-16,2,3,6,8,25,39,38,8222200
03/073,2003-08-19,13,16,20,30,36,47,24,0
03/074,2003-08-21,9,10,18,21,36,45,6,4832790
03/075,2003-08-23,8,14,31,33,36,42,34,0
03/076,2003-08-26,7,10,21,25,37,39,9,9990710
03/077,2003-08-28,5,6,27,28,36,41,47,0
03/078,2003-08-30,15,16,17,22,25,28,12,0
03/079,2003-09-04,1,4,17,26,38,44,11,0
03/080,2003-09-09,7,12,21,28,31,41,3,0
03/081,2003-09-12,1,5,21,28,35,41,38,70962580
03/082,2003-09-16,2,4,13,43,48,49,24,0
03/083,2003-09-18,4,5,14,18,28,31,24,3422710
03/084,2003-09-20,2,3,9,13,31,43,10,0
03/085,2003-09-23,2,13,20,22,39,49,41,0
03/086,2003-09-25,2,7,9,40,41,42,28,0
03/087,2003-09-30,10,18,24,27,28,38,21,8079520
03/088,2003-10-02,4,7,10,15,19,39,22,0
03/089,2003-10-04,8,23,31,33,41,47,38,0
03/090,2003-10-07,17,28,33,38,42,47,34,0
03/091,2003-10-09,19,23,31,40,44,47,3,25879705
03/092,2003-10-14,9,16,30,31,32,37,24,2500000
03/093,2003-10-16,6,27,36,38,43,49,40,0
03/094,2003-10-18,14,20,26,39,40,42,12,7275605
03/095,2003-10-21,24,25,35,41,44,47,38,2500000
03/096,2003-10-23,7,10,15,21,30,43,8,0
03/097,2003-10-28,7,21,25,42,47,49,1,0
03/098,2003-10-30,10,11,17,19,39,45,15,17616920
03/099,2003-11-01,4,8,12,15,23,33,36,5000000
03/100,2003-11-03,6,9,18,22,31,41,24,0
03/101,2003-11-06,5,6,14,27,28,49,42,10482160
03/102,2003-11-11,1,4,19,28,37,49,29,0
03/103,2003-11-14,25,28,29,37,44,48,43,0
03/104,2003-11-18,11,14,22,24,34,48,43,0
03/105,2003-11-20,18,25,31,34,35,37,5,0
03/106,2003-11-25,11,13,30,39,41,48,45,34614315
03/107,2003-11-27,7,10,15,38,45,49,22,0
03/108,2003-11-29,2,3,4,14,44,46,5,4711145
03/109,2003-12-02,8,12,18,23,41,48,19,5000000
03/110,2003-12-04,2,3,8,19,25,39,49,5000000
03/111,2003-12-09,10,15,20,31,35,48,14,0
03/112,2003-12-11,1,14,19,22,31,35,34,3421150
03/113,2003-12-13,6,13,22,29,33,42,11,0
03/114,2003-12-16,11,13,33,36,37,48,46,9854855
03/115,2003-12-18,23,24,31,33,42,44,27,5000000
03/116,2003-12-23,5,17,19,34,42,48,44,41657375
03/117,2003-12-30,1,22,36,38,39,47,27,0
04/001,2004-01-03,3,31,33,36,39,49,1,10817455
04/002,2004-01-06,7,14,17,22,29,43,36,5000000
04/003,2004-01-08,14,26,33,39,40,43,23,0
04/004,2004-01-13,30,34,39,43,48,49,6,0
04/005,2004-01-15,8,9,13,31,40,48,43,8783245
04/006,2004-01-17,3,5,19,26,32,49,1,0
04/007,2004-01-20,5,6,9,28,31,32,19,27111420
04/008,2004-01-27,10,13,18,29,40,41,4,0
04/009,2004-01-29,21,22,24,27,31,42,11,11714825
04/010,2004-01-31,1,29,30,32,41,46,8,0
04/011,2004-02-03,4,10,43,45,46,48,13,11080580
04/012,2004-02-05,12,22,29,35,43,48,38,5000000
04/013,2004-02-10,20,22,32,37,39,44,11,5638790
04/014,2004-02-12,9,17,21,22,31,32,4,0
04/015,2004-02-14,4,13,15,28,45,49,7,0
04/016,2004-02-17,7,15,20,28,38,41,37,0
04/017,2004-02-19,3,6,9,14,26,40,19,12880880
04/018,2004-02-21,7,22,24,25,40,41,1,0
04/019,2004-02-24,2,3,4,8,16,18,6,1264590
04/020,2004-02-26,1,9,14,39,45,48,3,0
04/021,2004-03-02,8,20,33,36,46,49,18,10803540
04/022,2004-03-04,1,19,20,34,42,43,15,0
04/023,2004-03-06,9,10,26,31,35,41,42,30397005
04/024,2004-03-09,10,21,26,30,31,42,48,0
04/025,2004-03-11,14,23,33,35,36,43,37,0
04/026,2004-03-16,7,10,18,23,37,39,17,0
04/027,2004-03-18,2,3,4,25,36,47,8,0
04/028,2004-03-20,6,21,28,36,44,49,32,0
04/029,2004-03-23,4,5,17,20,28,39,3,26595530
04/030,2004-03-25,7,10,13,21,22,23,35,0
04/031,2004-03-30,9,11,21,27,37,45,30,2587115
04/032,2004-04-02,11,12,13,22,26,31,10,30315305
04/033,2004-04-06,3,7,13,25,31,33,45,0
04/034,2004-04-08,1,7,13,32,37,48,26,0
04/035,2004-04-10,9,12,17,42,47,49,34,0
04/036,2004-04-13,1,23,24,30,47,49,42,0
04/037,2004-04-15,23,31,34,43,45,47,48,39438225
04/038,2004-04-20,6,9,12,19,22,25,17,1250000
04/039,2004-04-22,8,32,36,39,44,46,33,5000000
04/040,2004-04-24,24,30,39,43,44,48,23,41393225
04/041,2004-04-27,7,11,15,29,46,49,21,0
04/042,2004-04-29,4,19,26,30,31,34,37,10517185
04/043,2004-05-04,16,21,29,37,46,47,35,5568805
04/044,2004-05-06,8,28,33,36,38,47,2,0
04/045,2004-05-11,7,11,13,22,24,37,36,0
04/046,2004-05-13,9,13,21,37,40,48,12,7838200
04/047,2004-05-15,7,8,15,27,34,49,22,0
04/048,2004-05-18,10,21,23,30,43,49,3,0
04/049,2004-05-20,4,18,31,40,45,47,29,0
04/050,2004-05-25,14,23,27,37,40,45,39,33282950
04/051,2004-05-27,2,16,19,24,48,49,12,0
04/052,2004-05-29,3,10,20,27,40,46,9,0
04/053,2004-06-01,9,27,32,38,39,43,31,0
04/054,2004-06-03,13,33,37,40,41,47,48,0
04/055,2004-06-05,6,8,12,29,32,40,45,0
04/056,2004-06-08,7,18,28,29,37,49,12,0
04/057,2004-06-11,11,16,26,42,43,48,32,30634315
04/058,2004-06-15,3,7,13,20,36,48,47,31421355
04/059,2004-06-17,5,9,18,21,28,32,7,5000000
04/060,2004-06-19,28,34,38,41,46,48,36,5000000
04/061,2004-06-24,3,5,6,11,13,40,45,0
04/062,2004-06-26,7,21,23,29,33,44,9,0
04/063,2004-06-29,3,7,9,14,25,44,45,0
04/064,2004-07-01,11,25,32,33,37,42,31,0
04/065,2004-07-03,2,16,18,35,48,49,43,29631150
04/066,2004-07-06,9,22,37,40,42,48,26,0
04/067,2004-07-08,3,6,8,13,28,36,38,2091065
04/068,2004-07-10,1,6,7,12,36,42,34,0
04/069,2004-07-13,1,3,13,18,21,35,15,0
04/070,2004-07-15,6,30,31,37,38,43,24,0
04/071,2004-07-17,7,9,18,32,48,49,10,4373205
04/072,2004-07-20,6,8,12,21,32,43,25,28522265
04/073,2004-07-22,1,6,7,8,24,42,22,5000000
04/074,2004-07-24,10,18,22,34,36,37,15,0
04/075,2004-07-27,1,2,20,34,35,43,37,0
04/076,2004-07-29,1,16,26,31,35,36,38,5703260
04/077,2004-07-31,13,14,32,40,43,48,12,0
04/078,2004-08-03,7,14,27,29,37,49,9,5168395
04/079,2004-08-05,8,13,27,39,40,45,49,0
04/080,2004-08-07,8,16,27,39,40,48,14,0
04/081,2004-08-10,16,17,27,44,45,47,49,18981520
04/082,2004-08-12,19,21,22,34,48,49,42,0
04/083,2004-08-14,1,5,16,22,30,34,39,0
04/084,2004-08-17,27,29,30,39,40,42,47,18575390
04/085,2004-08-19,12,19,24,27,36,44,29,0
04/086,2004-08-21,14,23,26,28,36,37,40,0
04/087,2004-08-24,10,14,17,30,36,45,47,0
04/088,2004-08-26,2,9,19,30,36,37,41,23142240
04/089,2004-08-28,1,30,33,42,44,48,49,0
04/090,2004-08-31,5,16,17,18,23,27,10,0
04/091,2004-09-02,1,5,11,22,32,45,28,0
04/092,2004-09-04,15,17,18,21,28,37,40,0
04/093,2004-09-07,3,4,16,19,32,45,14,0
04/094,2004-09-10,20,23,27,38,40,47,33,0
04/095,2004-09-14,3,7,10,21,30,36,14,10249145
04/096,2004-09-16,11,12,18,20,27,42,16,0
04/097,2004-09-18,7,20,24,30,38,41,19,10161015
04/098,2004-09-21,1,3,30,33,35,42,12,0
04/099,2004-09-24,11,14,17,30,42,46,29,44488370
04/100,2004-09-26,7,15,17,28,40,41,10,0
04/101,2004-09-28,22,28,31,36,39,49,32,10351655
04/102,2004-09-30,12,13,14,20,23,28,22,0
04/103,2004-10-02,3,13,15,39,43,44,31,0
04/104,2004-10-05,4,12,14,22,46,48,23,16608270
04/105,2004-10-07,18,19,33,43,45,48,11,0
04/106,2004-10-10,4,16,24,26,32,39,6,0
04/107,2004-10-12,4,6,20,35,37,39,41,0
04/108,2004-10-14,7,17,27,29,30,34,36,3078825
04/109,2004-10-16,7,12,20,33,43,44,38,5000000
04/110,2004-10-19,5,17,21,27,31,41,6,5000000
04/111,2004-10-21,12,27,30,31,34,48,17,0
04/112,2004-10-24,11,15,24,25,26,33,42,0
04/113,2004-10-26,6,24,30,43,44,45,11,0
04/114,2004-10-28,1,12,26,27,36,49,21,11156610
04/115,2004-10-31,14,21,23,30,33,37,10,13871915
04/116,2004-11-04,7,18,19,25,42,45,41,0
04/117,2004-11-07,2,13,17,33,38,42,5,0
04/118,2004-11-09,2,5,12,21,30,31,6,0
04/119,2004-11-11,7,9,12,13,16,33,37,0
04/120,2004-11-13,7,9,22,38,39,49,48,0
04/121,2004-11-16,7,15,23,30,34,41,10,0
04/122,2004-11-18,3,11,12,13,26,28,31,23367270
04/123,2004-11-20,6,26,30,34,40,43,3,5000000
04/124,2004-11-23,10,15,16,21,25,38,24,0
04/125,2004-11-25,17,19,21,35,40,49,42,0
04/126,2004-11-27,9,21,28,30,34,44,10,0
04/127,2004-11-30,8,21,29,31,38,42,23,24068470
04/128,2004-12-02,3,9,10,27,31,36,26,0
04/129,2004-12-05,6,10,13,24,31,46,25,0
04/130,2004-12-07,16,25,26,42,44,48,20,16971795
04/131,2004-12-09,4,28,36,43,46,49,40,0
04/132,2004-12-11,3,9,31,36,37,45,19,0
04/133,2004-12-14,3,19,22,25,31,48,12,0
04/134,2004-12-17,6,11,14,26,46,47,40,42444960
04/135,2004-12-19,1,24,25,32,34,39,10,0
04/136,2004-12-21,2,20,36,45,48,49,21,0
04/137,2004-12-23,1,10,12,16,43,45,13,0
04/138,2004-12-25,2,15,28,30,37,41,31,0
04/139,2004-12-28,5,9,35,38,43,48,6,33486340
04/140,2004-12-30,17,20,28,34,38,47,14,0
05/001,2005-01-02,11,18,32,36,39,43,34,9823555
05/002,2005-01-04,4,5,6,8,20,38,35,2500000
05/003,2005-01-06,3,6,10,14,40,42,15,0
05/004,2005-01-09,10,30,38,42,45,49,27,0
05/005,2005-01-11,5,6,11,25,35,40,44,0
05/006,2005-01-13,16,24,27,30,42,46,17,0
05/007,2005-01-15,9,10,14,16,25,49,23,31151470
05/008,2005-01-18,5,13,18,20,21,26,11,7493755
05/009,2005-01-20,9,13,21,28,33,46,6,0
05/010,2005-01-22,5,7,13,19,35,46,24,0
05/011,2005-01-25,15,20,31,34,37,48,4,0
05/012,2005-01-27,3,6,7,15,26,35,40,23949030
05/013,2005-01-29,2,9,18,19,28,33,35,2500000
05/014,2005-02-01,9,18,23,33,44,49,29,0
05/015,2005-02-04,2,19,20,33,37,48,10,0
05/016,2005-02-07,9,21,36,38,43,49,23,35971345
05/017,2005-02-10,2,8,20,21,40,41,24,0
05/018,2005-02-12,11,13,16,19,25,32,26,5104950
05/019,2005-02-15,5,8,27,28,33,46,2,0
05/020,2005-02-17,8,13,16,42,45,47,33,0
05/021,2005-02-19,2,18,28,42,45,49,17,10158305
05/022,2005-02-22,2,16,20,32,35,41,24,0
05/023,2005-02-24,6,22,25,39,41,49,13,0
05/024,2005-02-26,1,16,36,41,42,44,18,17777355
05/025,2005-03-01,3,7,12,25,33,35,30,0
05/026,2005-03-03,2,5,25,31,40,43,22,0
05/027,2005-03-06,2,10,16,35,37,45,26,0
05/028,2005-03-08,4,8,17,39,47,48,1,0
05/029,2005-03-10,3,7,8,24,42,49,37,35478405
05/030,2005-03-12,3,6,8,11,28,31,19,1666665
05/031,2005-03-15,2,6,27,44,45,49,23,5006035
05/032,2005-03-18,2,22,25,30,44,48,46,8231790
05/033,2005-03-20,1,9,21,35,36,47,33,0
05/034,2005-03-22,2,9,10,13,15,24,19,9303425
05/035,2005-03-24,2,10,13,22,24,25,5,2500000
05/036,2005-03-27,2,5,10,14,29,37,3,0
05/037,2005-03-29,6,9,13,21,46,47,12,0
05/038,2005-03-31,2,12,14,38,39,43,48,0
05/039,2005-04-02,11,12,17,22,31,43,45,0
05/040,2005-04-05,10,15,25,29,34,37,13,17206260
05/041,2005-04-07,1,5,24,25,35,49,14,2500000
05/042,2005-04-10,3,5,14,40,46,49,6,2500000
05/043,2005-04-12,9,10,22,23,28,36,49,2500000
05/044,2005-04-14,12,17,33,43,45,47,10,0
05/045,2005-04-17,11,15,19,29,42,49,5,30196300
05/046,2005-04-19,4,9,22,30,33,35,13,0
05/047,2005-04-21,2,3,13,14,17,38,31,0
05/048,2005-04-23,3,9,27,31,38,45,34,14571150
05/049,2005-04-26,12,13,30,36,39,47,8,0
05/050,2005-04-28,2,8,22,36,38,40,5,3442325
05/051,2005-04-30,13,16,21,30,36,37,2,0
05/052,2005-05-03,2,8,16,25,33,37,1,5231640
05/053,2005-05-05,9,20,21,22,30,48,6,0
05/054,2005-05-08,7,9,10,21,39,49,41,10132970
05/055,2005-05-10,4,11,14,20,36,41,15,5000000
05/056,2005-05-12,2,14,16,23,35,38,47,0
05/057,2005-05-15,7,12,18,33,44,45,32,9256990
05/058,2005-05-17,3,14,17,32,39,42,8,0
05/059,2005-05-19,16,18,23,31,34,47,38,0
05/060,2005-05-22,5,6,10,16,20,21,19,0
05/061,2005-05-24,1,11,18,22,23,42,10,18737235
05/062,2005-05-26,12,33,39,43,45,49,10,0
05/063,2005-05-28,17,22,23,26,28,46,2,0
05/064,2005-05-31,11,16,17,19,24,43,13,0
05/065,2005-06-02,4,17,20,33,39,43,26,0
05/066,2005-06-04,4,20,32,39,40,42,33,17013620
05/067,2005-06-07,10,11,18,26,41,48,27,0
05/068,2005-06-09,3,13,27,29,36,37,24,22520385
05/069,2005-06-11,11,18,22,29,40,48,44,0
05/070,2005-06-14,2,5,7,18,22,48,11,0
05/071,2005-06-16,5,7,15,35,36,44,4,0
05/072,2005-06-19,6,15,18,25,26,47,27,12530165
05/073,2005-06-21,11,22,29,31,32,42,3,0
05/074,2005-06-23,2,21,29,38,44,48,10,0
05/075,2005-06-25,15,25,33,38,40,49,21,0
05/076,2005-06-28,1,23,25,30,32,46,42,0
05/077,2005-06-30,4,16,22,27,32,36,17,0
05/078,2005-07-02,2,4,23,32,43,45,42,44982630
05/079,2005-07-05,6,9,13,21,41,43,45,5000000
05/080,2005-07-07,4,22,24,30,31,34,17,0
05/081,2005-07-09,6,10,16,21,23,39,5,0
05/082,2005-07-12,6,7,18,22,30,34,2,0
05/083,2005-07-14,10,17,18,34,48,49,29,0
05/084,2005-07-16,5,6,17,35,39,49,44,16191880
05/085,2005-07-19,5,14,26,30,31,42,4,0
05/086,2005-07-21,8,13,15,28,29,48,3,9100295
05/087,2005-07-23,7,8,15,22,35,49,17,0
05/088,2005-07-26,6,12,14,25,27,30,8,0
05/089,2005-07-29,25,35,39,42,43,49,5,32239335
05/090,2005-07-31,5,13,14,33,45,46,25,0
05/091,2005-08-02,21,25,33,36,42,48,13,0
05/092,2005-08-04,1,7,19,27,38,47,3,8607335
05/093,2005-08-06,5,21,33,34,44,45,40,5000000
05/094,2005-08-09,9,13,22,35,38,39,4,5000000
05/095,2005-08-11,9,11,23,29,33,38,6,5000000
05/096,2005-08-13,9,13,32,38,48,49,41,5000000
05/097,2005-08-16,1,11,21,27,37,48,18,5897575
05/098,2005-08-18,2,19,24,39,41,49,21,0
05/099,2005-08-20,3,8,13,17,22,29,18,9096335
05/100,2005-08-23,1,3,14,26,36,47,42,5000000
05/101,2005-08-25,5,13,20,25,29,39,35,5000000
05/102,2005-08-27,1,3,20,23,33,37,14,5000000
05/103,2005-08-30,4,9,17,26,40,46,18,0
05/104,2005-09-01,4,14,19,21,24,48,10,0
05/105,2005-09-03,7,11,18,34,35,48,42,0
05/106,2005-09-06,9,15,20,23,39,41,44,11859680
05/107,2005-09-08,8,10,13,14,31,48,47,0
05/108,2005-09-10,1,4,19,33,34,40,25,0
05/109,2005-09-13,16,26,29,39,41,46,34,0
05/110,2005-09-16,22,24,28,33,34,42,48,14517415
05/111,2005-09-18,3,5,8,14,27,35,9,0
05/112,2005-09-20,4,5,21,26,37,47,7,0
05/113,2005-09-22,2,4,12,13,19,42,39,0
05/114,2005-09-25,1,6,14,19,26,30,17,0
05/115,2005-09-27,1,17,20,28,35,43,18,0
05/116,2005-09-30,11,14,20,24,25,35,33,45986230
05/117,2005-10-04,2,9,16,25,36,38,14,0
05/118,2005-10-06,23,26,27,29,30,45,18,0
05/119,2005-10-08,9,11,15,25,44,48,27,0
05/120,2005-10-11,8,9,16,24,29,48,5,0
05/121,2005-10-13,24,34,35,38,41,47,45,0
05/122,2005-10-15,3,14,17,41,46,47,20,15563580
05/123,2005-10-18,14,15,18,20,38,42,35,0
05/124,2005-10-20,6,10,22,30,43,44,29,9920930
05/125,2005-10-23,9,25,30,31,35,37,1,0
05/126,2005-10-25,3,12,26,30,39,41,25,0
05/127,2005-10-27,2,5,13,19,40,49,7,8314165
05/128,2005-10-29,8,10,11,24,31,37,38,0
05/129,2005-10-31,2,18,30,34,37,41,28,0
05/130,2005-11-03,1,3,10,31,34,35,27,16231640
05/131,2005-11-06,3,11,13,20,38,49,19,0
05/132,2005-11-08,3,10,13,35,48,49,33,0
05/133,2005-11-10,7,8,12,37,41,48,40,15237675
05/134,2005-11-12,1,13,21,22,24,40,27,0
05/135,2005-11-15,23,24,26,30,47,49,43,16081175
05/136,2005-11-17,4,9,10,14,15,49,5,0
05/137,2005-11-19,2,3,15,30,32,46,23,0
05/138,2005-11-22,12,23,25,31,44,45,3,15349620
05/139,2005-11-24,1,4,5,8,13,43,22,5000000
05/140,2005-11-26,3,16,25,37,38,45,18,0
05/141,2005-11-29,13,18,24,26,44,45,27,0
05/142,2005-12-01,10,32,33,38,41,47,6,16340145
05/143,2005-12-04,9,10,27,32,37,45,4,0
05/144,2005-12-06,1,2,3,7,14,15,11,2848825
05/145,2005-12-08,3,9,16,31,36,42,20,0
05/146,2005-12-10,2,9,22,32,35,41,20,9261250
05/147,2005-12-13,1,6,14,22,33,47,9,5000000
05/148,2005-12-15,12,14,19,27,34,43,24,0
05/149,2005-12-18,1,4,15,22,40,44,2,10794010
05/150,2005-12-20,9,16,19,20,30,43,44,20583455
05/151,2005-12-22,8,18,19,23,24,42,32,0
05/152,2005-12-24,6,10,19,20,22,36,3,0
05/153,2005-12-27,4,9,17,18,31,43,19,0
05/154,2005-12-29,9,11,21,22,24,41,33,0
05/155,2005-12-31,2,7,11,31,40,43,36,0
06/001,2006-01-03,17,23,24,25,26,38,47,0
06/002,2006-01-05,5,10,22,38,44,46,13,55906115
06/003,2006-01-08,1,10,26,28,38,42,43,0
06/004,2006-01-10,5,21,25,36,38,39,4,0
06/005,2006-01-12,15,24,25,27,36,37,35,16496045
06/006,2006-01-14,1,12,19,29,32,34,46,0
06/007,2006-01-17,11,13,25,29,38,47,12,0
06/008,2006-01-19,24,26,28,31,44,47,17,0
06/009,2006-01-21,1,7,20,34,40,45,22,25763330
06/010,2006-01-24,6,14,28,31,33,35,26,56990395
06/011,2006-01-26,18,22,23,27,28,43,35,0
06/012,2006-01-28,16,22,27,30,39,41,40,0
06/013,2006-01-30,9,21,22,33,35,48,43,0
06/014,2006-02-02,3,4,5,20,23,37,38,24043420
06/015,2006-02-04,19,34,39,40,41,45,23,5000000
06/016,2006-02-07,5,12,15,24,40,41,44,0
06/017,2006-02-09,3,6,13,29,39,49,9,8880525
06/018,2006-02-12,12,15,26,30,41,45,4,0
06/019,2006-02-14,7,22,32,34,42,43,6,0
06/020,2006-02-16,3,12,16,22,29,34,30,0
06/021,2006-02-18,10,12,14,28,42,46,37,0
06/022,2006-02-21,7,15,24,31,36,49,40,35631825
06/023,2006-02-23,18,31,35,39,40,43,10,5000000
06/024,2006-02-25,13,18,22,31,34,37,19,5000000
06/025,2006-02-28,10,14,23,25,27,40,37,0
06/026,2006-03-02,1,5,14,22,29,43,20,0
06/027,2006-03-05,1,7,14,15,22,45,24,0
06/028,2006-03-07,2,11,30,42,48,49,36,12170585
06/029,2006-03-09,9,19,20,30,39,40,10,1666665
06/030,2006-03-11,1,13,14,19,21,30,40,0
06/031,2006-03-14,7,12,13,25,39,48,9,0
06/032,2006-03-16,4,27,33,37,42,49,36,0
06/033,2006-03-18,1,6,13,30,33,43,9,22170225
06/034,2006-03-21,4,8,16,22,23,43,18,5000000
06/035,2006-03-23,3,7,18,20,26,32,10,0
06/036,2006-03-25,26,32,36,42,43,45,44,0
06/037,2006-03-28,1,3,10,15,21,28,37,8101395
06/038,2006-03-30,2,12,17,19,30,33,23,5000000
06/039,2006-04-02,8,12,25,29,39,45,44,0
06/040,2006-04-04,7,11,14,35,38,43,26,0
06/041,2006-04-07,10,11,16,29,30,35,28,10887725
06/042,2006-04-09,18,28,34,44,45,47,8,5000000
06/043,2006-04-11,5,21,26,30,36,41,17,5000000
06/044,2006-04-13,13,28,32,39,44,49,48,0
06/045,2006-04-16,9,11,20,22,29,38,37,10060545
06/046,2006-04-18,11,14,27,28,38,44,12,0
06/047,2006-04-20,2,9,12,16,37,40,19,9480050
06/048,2006-04-22,6,8,11,28,42,46,31,0
06/049,2006-04-25,2,24,26,29,32,33,6,0
06/050,2006-04-27,1,7,8,30,34,37,41,16716690
06/051,2006-04-29,6,10,19,24,28,47,22,5000000
06/052,2006-05-02,3,13,18,27,33,45,29,5000000
06/053,2006-05-04,2,3,32,46,47,48,35,0
06/054,2006-05-06,5,17,23,28,31,32,18,4161880
06/055,2006-05-09,18,22,24,25,26,43,23,5000000
06/056,2006-05-11,7,12,15,27,29,49,36,5000000
06/057,2006-05-14,1,7,14,23,45,48,43,0
06/058,2006-05-16,23,26,35,36,39,43,5,0
06/059,2006-05-18,11,23,31,32,33,40,49,14523035
06/060,2006-05-20,15,20,38,41,44,46,34,0
06/061,2006-05-23,1,14,28,41,45,47,29,0
06/062,2006-05-25,9,27,29,38,39,40,47,18280580
06/063,2006-05-27,1,22,34,35,36,47,7,2500000
06/064,2006-05-30,10,16,21,30,33,48,19,31921625
06/065,2006-06-01,12,17,24,35,44,46,10,0
06/066,2006-06-03,5,9,16,29,36,47,17,0
06/067,2006-06-06,2,9,29,31,42,49,5,0
06/068,2006-06-08,17,34,36,41,46,48,26,12174120
06/069,2006-06-11,3,5,7,18,40,45,15,0
06/070,2006-06-13,2,6,17,33,42,45,13,0
06/071,2006-06-15,4,15,16,22,24,45,2,0
06/072,2006-06-18,5,6,7,18,27,35,19,7467015
06/073,2006-06-20,4,5,17,39,40,42,3,0
06/074,2006-06-22,4,5,33,36,48,49,2,0
06/075,2006-06-24,18,21,32,33,36,37,6,0
06/076,2006-06-27,10,12,21,26,27,49,14,25078145
06/077,2006-06-29,2,3,13,17,19,36,47,5000000
06/078,2006-07-01,4,13,30,42,47,48,40,0
06/079,2006-07-04,1,4,5,13,14,19,18,9748925
06/080,2006-07-06,1,7,9,16,21,49,12,0
06/081,2006-07-08,2,6,10,13,30,33,40,3964280
06/082,2006-07-11,1,30,34,42,45,46,8,0
06/083,2006-07-13,1,8,9,10,34,36,17,4909310
06/084,2006-07-15,9,20,23,34,35,45,15,5000000
06/085,2006-07-18,10,13,22,27,32,39,43,0
06/086,2006-07-20,6,13,15,26,30,33,16,0
06/087,2006-07-22,2,6,16,20,23,24,19,12888250
06/088,2006-07-25,10,16,23,34,38,41,5,10779295
06/089,2006-07-27,1,19,21,31,43,47,18,0
06/090,2006-07-29,2,23,29,34,35,37,41,0
06/091,2006-08-01,7,10,20,30,34,46,19,14114080
06/092,2006-08-03,9,10,16,19,32,45,18,0
06/093,2006-08-05,1,8,11,14,16,45,41,0
06/094,2006-08-08,10,20,24,28,32,49,9,0
06/095,2006-08-10,12,15,18,23,35,38,33,0
06/096,2006-08-12,2,13,18,26,28,43,41,0
06/097,2006-08-15,8,18,21,23,30,47,10,0
06/098,2006-08-17,10,17,19,27,37,38,26,16629415
06/099,2006-08-19,3,25,27,28,43,45,42,0
06/100,2006-08-22,8,18,22,34,48,49,33,4468920
06/101,2006-08-24,3,11,14,21,40,45,8,0
06/102,2006-08-26,27,29,31,36,39,43,23,10822975
06/103,2006-08-29,14,34,37,40,48,49,30,0
06/104,2006-08-31,4,26,30,35,45,46,20,10208225
06/105,2006-09-02,3,16,17,34,46,48,41,0
06/106,2006-09-05,4,8,14,22,41,48,39,6081615
06/107,2006-09-07,5,8,15,25,33,48,11,5000000
06/108,2006-09-09,8,12,14,17,23,25,10,0
06/109,2006-09-12,2,32,40,41,43,45,30,0
06/110,2006-09-14,12,26,27,28,32,46,47,15340350
06/111,2006-09-17,5,11,14,20,22,41,33,0
06/112,2006-09-19,3,11,22,25,27,33,21,0
06/113,2006-09-21,1,22,33,40,43,48,35,0
06/114,2006-09-23,3,13,20,34,37,40,11,0
06/115,2006-09-26,7,9,15,18,32,43,8,0
06/116,2006-09-28,5,15,22,30,42,49,37,61711125
06/117,2006-09-30,1,2,4,11,12,23,6,0
06/118,2006-10-03,1,5,9,19,35,45,30,0
06/119,2006-10-05,5,9,16,32,35,42,4,7634705
06/120,2006-10-08,1,4,17,22,27,28,15,5000000
06/121,2006-10-10,6,8,22,39,40,47,17,0
06/122,2006-10-12,5,9,10,22,26,38,39,0
06/123,2006-10-14,3,16,20,36,41,49,45,0
06/124,2006-10-17,5,22,29,33,36,40,32,0
06/125,2006-10-19,9,11,15,29,35,44,18,0
06/126,2006-10-22,3,18,24,26,42,43,16,0
06/127,2006-10-24,12,28,29,30,44,48,34,34357880
06/128,2006-10-26,5,8,13,17,26,41,22,0
06/129,2006-10-28,7,28,33,35,42,44,41,0
06/130,2006-10-31,1,6,13,28,35,44,30,16124660
06/131,2006-11-02,5,7,28,35,36,39,31,5000000
06/132,2006-11-05,11,22,38,41,42,45,20,0
06/133,2006-11-09,2,21,22,34,36,38,45,0
06/134,2006-11-11,10,13,18,21,31,48,17,17778925
06/135,2006-11-14,8,14,20,34,36,49,46,16333130
06/136,2006-11-16,3,10,12,32,35,44,41,0
06/137,2006-11-18,10,11,14,34,40,49,43,9639245
06/138,2006-11-21,3,7,16,26,31,35,18,0
06/139,2006-11-23,6,10,19,32,41,49,5,0
06/140,2006-11-25,7,18,30,35,36,49,29,5139965
06/141,2006-11-28,6,10,21,23,35,36,8,5000000
06/142,2006-11-30,5,8,9,27,31,35,15,0
06/143,2006-12-03,10,22,25,32,34,44,30,0
06/144,2006-12-05,20,21,38,41,45,46,14,15068405
06/145,2006-12-07,5,8,10,27,34,40,47,0
06/146,2006-12-09,21,22,24,28,43,48,44,0
06/147,2006-12-12,6,15,26,30,39,41,14,7874250
06/148,2006-12-14,2,14,15,29,37,47,45,0
06/149,2006-12-17,9,13,17,21,22,33,41,0
06/150,2006-12-19,5,11,17,32,33,48,4,10498190
06/151,2006-12-21,5,28,35,46,48,49,11,5000000
06/152,2006-12-24,16,29,31,34,39,42,41,0
06/153,2006-12-28,3,11,14,20,27,44,43,0
06/154,2006-12-30,5,6,7,21,30,40,42,5417205
07/001,2007-01-02,6,12,14,30,32,38,41,0
07/002,2007-01-04,7,8,33,40,42,49,13,9733255
07/003,2007-01-06,3,17,33,38,43,49,14,0
07/004,2007-01-09,11,14,16,19,34,43,48,0
07/005,2007-01-11,1,2,10,27,40,41,43,0
07/006,2007-01-13,6,7,25,28,38,45,16,0
07/007,2007-01-16,4,14,23,25,38,42,10,35448515
07/008,2007-01-18,7,10,33,39,48,49,42,5000000
07/009,2007-01-21,9,18,26,28,36,44,19,0
07/010,2007-01-23,6,19,25,31,32,35,15,0
07/011,2007-01-25,5,6,23,24,38,48,30,3783660
07/012,2007-01-27,11,25,26,36,39,41,16,2500000
07/013,2007-01-30,9,11,12,14,18,24,38,2500000
07/014,2007-02-01,8,13,32,33,39,47,17,5075335
07/015,2007-02-03,6,11,12,19,27,39,28,0
07/016,2007-02-06,11,12,19,22,42,47,36,27617675
07/017,2007-02-08,9,24,26,27,37,44,3,0
07/018,2007-02-11,11,22,25,32,41,45,1,0
07/019,2007-02-13,3,13,14,21,22,32,7,0
07/020,2007-02-15,7,15,17,38,45,48,46,24094410
07/021,2007-02-17,9,16,17,28,33,42,29,2500000
07/022,2007-02-19,4,17,18,35,37,47,32,0
07/023,2007-02-22,2,8,11,18,32,39,46,0
07/024,2007-02-24,7,9,22,24,32,36,8,7455665
07/025,2007-02-27,9,10,16,30,38,41,2,0
07/026,2007-03-01,16,18,25,29,33,43,41,0
07/027,2007-03-03,4,10,30,35,43,46,14,16878655
07/028,2007-03-06,5,8,22,27,32,41,45,5000000
07/029,2007-03-08,6,12,16,25,33,49,48,0
07/030,2007-03-11,2,7,16,30,37,39,20,0
07/031,2007-03-13,1,4,12,35,39,46,14,0
07/032,2007-03-15,1,14,39,40,45,49,42,27400935
07/033,2007-03-17,21,23,26,36,45,49,2,0
07/034,2007-03-20,1,11,23,37,42,43,24,0
07/035,2007-03-22,6,9,12,15,43,47,49,0
07/036,2007-03-24,2,5,6,12,22,40,24,7902180
07/037,2007-03-27,12,21,24,32,36,46,13,32806085
07/038,2007-03-29,2,22,23,40,44,45,32,0
07/039,2007-04-01,16,17,21,28,38,45,10,9723375
07/040,2007-04-03,9,22,30,41,42,48,49,2500000
07/041,2007-04-05,13,33,35,39,40,48,27,0
07/042,2007-04-07,5,7,8,23,36,41,24,0
07/043,2007-04-10,6,9,13,31,40,45,47,0
07/044,2007-04-12,4,8,24,27,35,45,15,20229260
07/045,2007-04-15,11,14,19,35,44,49,10,5000000
07/046,2007-04-17,2,20,40,43,45,49,38,0
07/047,2007-04-19,7,9,15,29,32,48,38,0
07/048,2007-04-21,19,27,41,42,44,49,20,0
07/049,2007-04-24,4,6,7,14,19,37,9,0
07/050,2007-04-26,17,22,24,35,37,40,11,0
07/051,2007-04-30,10,11,18,27,38,44,37,0
07/052,2007-05-03,3,17,32,44,46,47,33,37398375
07/053,2007-05-05,7,9,11,20,45,49,42,0
07/054,2007-05-08,11,20,23,30,46,48,22,34012760
07/055,2007-05-10,4,6,12,14,41,46,15,5000000
07/056,2007-05-13,14,16,25,28,36,38,40,5607570
07/057,2007-05-15,12,30,33,36,42,43,15,0
07/058,2007-05-17,4,5,14,27,37,39,35,0
07/059,2007-05-19,21,24,31,36,38,46,43,0
07/060,2007-05-22,20,21,23,28,38,40,13,13568175
07/061,2007-05-26,23,24,26,29,36,41,12,5000000
07/062,2007-05-29,2,8,12,25,29,46,7,0
07/063,2007-05-31,1,4,7,20,25,38,17,0
07/064,2007-06-02,16,20,26,27,42,46,32,0
07/065,2007-06-05,5,9,11,21,22,37,32,20233800
07/066,2007-06-07,1,4,15,34,44,47,7,0
07/067,2007-06-10,1,6,9,36,37,48,13,0
07/068,2007-06-12,7,30,31,41,45,47,4,0
07/069,2007-06-14,3,19,21,29,33,41,46,46778775
07/070,2007-06-16,3,15,18,19,28,37,30,0
07/071,2007-06-19,4,8,11,12,20,32,47,4346315
07/072,2007-06-21,1,5,11,26,43,45,22,5000000
07/073,2007-06-23,10,24,27,28,31,38,23,0
07/074,2007-06-26,2,17,24,32,35,47,34,0
07/075,2007-06-28,4,15,38,40,41,46,33,0
07/076,2007-06-30,1,4,10,18,37,44,20,0
07/077,2007-07-03,16,22,35,36,45,48,32,0
07/078,2007-07-05,14,23,25,26,35,38,21,15076990
07/079,2007-07-07,4,8,10,15,35,45,16,5000000
07/080,2007-07-10,12,13,17,24,31,43,49,0
07/081,2007-07-12,6,16,17,18,22,49,33,0
07/082,2007-07-14,10,19,24,30,45,49,34,0
07/083,2007-07-17,5,10,12,13,16,42,41,0
07/084,2007-07-19,1,26,27,36,42,45,12,33919735
07/085,2007-07-21,5,9,18,40,43,45,17,0
07/086,2007-07-24,16,26,30,36,41,49,13,0
07/087,2007-07-26,13,22,28,32,37,46,17,16016490
07/088,2007-07-28,18,21,29,30,31,38,34,5000000
07/089,2007-07-31,3,4,21,43,47,48,7,0
07/090,2007-08-02,8,22,29,35,40,41,6,0
07/091,2007-08-07,1,14,26,32,45,48,46,31844760
07/092,2007-08-09,3,4,5,12,17,44,37,0
07/093,2007-08-11,6,9,35,38,43,44,41,0
07/094,2007-08-14,7,9,12,27,29,40,5,13713610
07/095,2007-08-16,14,16,18,26,30,35,10,0
07/096,2007-08-18,14,18,22,31,35,40,46,0
07/097,2007-08-21,10,13,22,33,36,48,31,7753615
07/098,2007-08-24,10,19,20,28,37,43,6,0
07/099,2007-08-26,6,20,23,42,44,45,13,0
07/100,2007-08-28,4,9,20,27,37,43,7,15113830
07/101,2007-08-30,3,4,13,23,34,39,37,0
07/102,2007-09-01,2,6,16,38,39,44,15,0
07/103,2007-09-04,6,28,38,44,45,49,34,0
07/104,2007-09-06,4,12,18,35,40,44,38,23652930
07/105,2007-09-08,1,3,14,31,34,35,16,0
07/106,2007-09-11,14,23,26,35,36,44,5,0
07/107,2007-09-13,8,14,15,25,32,38,11,0
07/108,2007-09-16,6,7,8,17,24,27,38,21434160
07/109,2007-09-18,10,12,24,37,41,43,17,20863520
07/110,2007-09-20,6,11,13,28,40,41,49,0
07/111,2007-09-22,5,6,24,44,48,49,45,8924890
07/112,2007-09-25,2,8,16,24,25,34,40,0
07/113,2007-09-27,6,9,17,23,34,45,2,0
07/114,2007-09-29,35,41,42,44,47,49,48,0
07/115,2007-10-02,10,21,30,34,37,43,17,0
07/116,2007-10-04,6,14,28,29,37,38,12,32007100
07/117,2007-10-06,7,20,25,33,38,45,26,5000000
07/118,2007-10-09,9,10,16,23,32,49,19,2500000
07/119,2007-10-11,12,19,23,26,33,42,27,0
07/120,2007-10-13,23,24,25,27,43,45,11,9182945
07/121,2007-10-16,6,10,11,14,31,40,49,0
07/122,2007-10-18,1,2,37,39,47,48,34,42021875
07/123,2007-10-20,4,14,18,19,30,42,34,0
07/124,2007-10-23,6,13,21,29,31,37,25,0
07/125,2007-10-25,4,14,31,35,42,49,1,16205905
07/126,2007-10-27,2,27,30,35,43,46,36,0
07/127,2007-10-30,12,19,31,41,42,47,13,0
07/128,2007-11-01,5,9,12,18,24,43,7,0
07/129,2007-11-04,4,13,25,27,40,47,45,0
07/130,2007-11-08,6,14,18,28,30,37,21,32493650
07/131,2007-11-10,1,6,8,15,41,43,2,0
07/132,2007-11-13,2,6,15,30,38,42,29,0
07/133,2007-11-15,12,16,18,27,41,45,29,0
07/134,2007-11-18,1,4,6,20,25,32,43,25947485
07/135,2007-11-20,6,13,14,22,30,44,26,0
07/136,2007-11-22,1,12,29,39,40,48,41,0
07/137,2007-11-24,5,19,25,32,40,42,4,15819105
07/138,2007-11-27,7,25,27,33,35,45,6,0
07/139,2007-11-29,10,13,19,27,43,48,8,0
07/140,2007-12-02,18,25,29,30,32,35,39,16138035
07/141,2007-12-04,18,23,26,28,30,45,15,0
07/142,2007-12-06,5,26,33,38,39,46,47,41882235
07/143,2007-12-08,9,14,35,38,41,42,40,0
07/144,2007-12-11,16,18,24,35,40,41,47,10576700
07/145,2007-12-13,5,7,15,18,23,42,10,0
07/146,2007-12-16,1,17,23,25,40,44,26,0
07/147,2007-12-18,1,2,6,19,24,40,44,0
07/148,2007-12-22,1,9,17,28,42,46,32,60224375
07/149,2007-12-25,1,2,21,30,44,46,33,0
07/150,2007-12-27,7,17,37,38,40,48,43,0
07/151,2007-12-29,6,12,16,33,41,48,8,16590215
07/152,2007-12-31,15,16,21,23,37,45,4,5000000
08/001,2008-01-03,5,8,36,39,42,46,14,0
08/002,2008-01-05,3,11,14,32,33,42,15,9450240
08/003,2008-01-08,2,9,14,24,40,45,3,5000000
08/004,2008-01-10,4,20,36,42,46,47,22,5000000
08/005,2008-01-13,8,13,18,22,26,42,43,5000000
08/006,2008-01-15,10,11,15,18,37,45,26,0
08/007,2008-01-17,8,19,24,35,36,40,23,0
08/008,2008-01-19,4,7,8,20,32,34,24,0
08/009,2008-01-22,9,16,17,30,33,49,41,11196105
08/010,2008-01-24,10,23,26,38,42,46,29,5000000
08/011,2008-01-26,13,15,19,22,33,38,39,2500000
08/012,2008-01-29,16,22,24,33,43,44,29,26817935
08/013,2008-01-31,24,32,41,42,48,49,10,0
08/014,2008-02-03,1,34,36,37,42,46,39,0
08/015,2008-02-05,3,6,36,40,43,48,8,0
08/016,2008-02-08,2,16,30,31,38,48,36,12177115
08/017,2008-02-10,7,24,26,30,32,39,47,0
08/018,2008-02-12,12,23,31,37,40,45,35,0
08/019,2008-02-14,4,6,15,29,33,39,18,0
08/020,2008-02-16,2,5,8,22,29,41,28,10634115
08/021,2008-02-19,5,15,29,32,38,39,31,0
08/022,2008-02-21,18,22,24,27,30,48,3,0
08/023,2008-02-23,2,9,14,24,33,47,48,0
08/024,2008-02-26,9,20,23,30,34,39,13,25833460
08/025,2008-02-28,6,8,13,17,35,49,45,0
08/026,2008-03-02,5,7,22,30,32,35,13,9143215
08/027,2008-03-04,2,5,13,20,21,49,36,0
08/028,2008-03-06,7,12,24,25,39,44,27,0
08/029,2008-03-08,16,25,31,36,38,49,29,0
08/030,2008-03-11,5,13,15,23,28,40,17,0
08/031,2008-03-13,12,28,31,33,36,44,7,22669515
08/032,2008-03-15,8,10,21,22,30,47,28,0
08/033,2008-03-18,13,23,28,30,37,44,49,0
08/034,2008-03-20,4,12,22,26,33,45,8,17317970
08/035,2008-03-22,13,18,32,38,48,49,40,5000000
08/036,2008-03-25,7,14,15,22,25,35,32,2500000
08/037,2008-03-27,3,4,16,32,45,48,23,0
08/038,2008-03-29,6,9,30,32,39,48,4,0
08/039,2008-04-01,15,16,27,40,44,49,31,0
08/040,2008-04-03,1,6,17,28,36,41,31,0
08/041,2008-04-08,11,13,21,36,39,40,43,0
08/042,2008-04-13,1,9,22,23,34,38,24,50615815
08/043,2008-04-15,8,25,31,38,43,48,23,30114710
08/044,2008-04-17,7,10,11,27,31,48,5,5000000
08/045,2008-04-19,7,10,16,19,42,46,20,5000000
08/046,2008-04-22,8,14,31,36,40,46,9,0
08/047,2008-04-24,8,12,13,25,31,35,21,0
08/048,2008-04-26,13,15,17,19,24,32,9,8290775
08/049,2008-04-29,20,22,24,25,40,41,35,0
08/050,2008-05-03,1,3,4,5,37,39,8,10225480
08/051,2008-05-06,7,8,13,26,28,49,17,5000000
08/052,2008-05-08,16,24,31,35,37,49,39,5000000
08/053,2008-05-10,5,6,27,41,47,49,40,0
08/054,2008-05-13,8,19,26,34,37,40,29,3793175
08/055,2008-05-15,7,21,22,38,45,47,40,5000000
08/056,2008-05-17,3,18,24,45,46,48,31,0
08/057,2008-05-20,1,4,6,23,25,47,49,13369550
08/058,2008-05-22,1,19,23,29,34,41,15,0
08/059,2008-05-24,1,5,12,14,19,31,45,10181005
08/060,2008-05-27,22,23,24,28,29,43,6,5000000
08/061,2008-05-29,1,6,27,39,44,49,36,0
08/062,2008-05-31,11,26,31,34,36,42,13,0
08/063,2008-06-03,5,32,33,40,41,49,30,15394260
08/064,2008-06-07,6,11,14,23,39,45,10,1666665
08/065,2008-06-10,2,7,11,20,29,45,48,0
08/066,2008-06-12,4,6,9,15,22,37,3,0
08/067,2008-06-14,3,15,19,40,41,44,13,0
08/068,2008-06-17,3,5,6,13,31,32,15,18784070
08/069,2008-06-19,2,11,18,26,39,45,24,0
08/070,2008-06-21,1,5,13,29,34,44,25,0
08/071,2008-06-24,8,9,22,27,29,42,38,0
08/072,2008-06-27,8,33,39,40,46,48,24,41873410
08/073,2008-06-29,1,2,7,19,28,34,5,0
08/074,2008-07-02,3,21,26,29,31,48,1,0
08/075,2008-07-05,2,6,7,15,20,38,14,0
08/076,2008-07-08,15,18,19,21,24,26,36,24237205
08/077,2008-07-10,5,12,17,18,41,44,32,0
08/078,2008-07-12,5,21,25,27,38,40,11,0
08/079,2008-07-15,9,17,19,24,38,47,3,0
08/080,2008-07-17,15,18,25,27,38,47,2,23170400
08/081,2008-07-19,1,18,24,29,35,46,2,0
08/082,2008-07-22,10,29,33,40,43,45,8,0
08/083,2008-07-24,5,15,29,31,38,45,48,14898955
08/084,2008-07-26,9,10,12,13,41,48,6,0
08/085,2008-07-29,7,15,25,34,35,38,6,0
08/086,2008-07-31,1,8,25,33,34,41,28,13827980
08/087,2008-08-02,4,6,8,11,33,35,25,5000000
08/088,2008-08-05,6,11,16,38,42,49,40,0
08/089,2008-08-07,3,17,23,24,30,47,26,4860685
08/090,2008-08-09,8,15,19,21,32,42,10,0
08/091,2008-08-12,10,11,15,26,28,31,43,0
08/092,2008-08-14,16,20,23,27,41,46,6,16071565
08/093,2008-08-16,14,25,32,38,43,46,35,5000000
08/094,2008-08-19,7,19,24,26,32,39,20,0
08/095,2008-08-21,1,3,20,21,35,37,46,0
08/096,2008-08-23,3,9,10,20,25,34,41,13831390
08/097,2008-08-26,2,13,19,25,30,43,44,0
08/098,2008-08-28,1,21,27,31,34,38,10,0
08/099,2008-08-30,2,8,10,37,44,49,22,0
08/100,2008-09-02,9,13,16,22,24,31,18,0
08/101,2008-09-04,7,17,22,26,31,42,12,0
08/102,2008-09-06,4,10,18,22,23,38,35,19842215
08/103,2008-09-09,3,7,15,23,29,48,5,20794020
08/104,2008-09-11,2,8,12,20,25,49,34,5000000
08/105,2008-09-13,3,8,9,16,34,46,42,0
08/106,2008-09-16,4,9,14,25,36,40,45,9031915
08/107,2008-09-18,2,17,34,38,46,49,33,5000000
08/108,2008-09-20,4,5,10,27,28,49,46,0
08/109,2008-09-25,1,4,15,16,29,46,30,0
08/110,2008-09-27,7,17,33,36,39,44,31,0
08/111,2008-09-30,11,26,27,39,40,47,34,0
08/112,2008-10-02,13,17,20,29,32,42,15,35092340
08/113,2008-10-04,4,14,16,19,22,35,9,0
08/114,2008-10-07,4,10,26,34,46,49,5,4535500
08/115,2008-10-09,1,2,12,19,27,38,41,14349375
08/116,2008-10-11,8,11,35,37,38,46,27,0
08/117,2008-10-14,11,14,19,21,41,44,31,9694050
08/118,2008-10-16,6,21,31,40,42,44,7,0
08/119,2008-10-18,3,6,7,9,32,35,24,0
08/120,2008-10-21,1,8,9,32,35,37,14,0
08/121,2008-10-23,5,9,19,21,27,46,37,0
08/122,2008-10-25,3,13,18,20,22,30,39,0
08/123,2008-10-28,3,10,11,13,26,48,9,0
08/124,2008-10-30,5,13,23,33,37,40,39,48890260
08/125,2008-11-01,11,17,19,23,32,44,25,0
08/126,2008-11-03,1,8,20,25,38,43,39,0
08/127,2008-11-06,5,6,28,35,42,43,4,0
08/128,2008-11-09,1,4,6,15,24,48,43,12176225
08/129,2008-11-11,17,19,20,27,32,35,11,0
08/130,2008-11-13,9,10,20,33,34,43,42,13659900
08/131,2008-11-15,2,5,8,24,32,37,35,0
08/132,2008-11-18,5,11,18,28,29,32,10,0
08/133,2008-11-20,4,13,31,36,40,41,49,14286415
08/134,2008-11-22,1,3,4,17,24,28,7,0
08/135,2008-11-25,3,9,18,38,46,48,13,0
08/136,2008-11-27,4,6,14,21,36,46,41,0
08/137,2008-11-29,5,6,27,33,36,37,48,21325340
08/138,2008-12-02,3,13,29,30,31,43,8,5000000
08/139,2008-12-04,8,10,28,35,37,47,12,0
08/140,2008-12-07,4,9,17,26,28,30,1,0
08/141,2008-12-09,7,14,21,43,44,47,35,29663860
08/142,2008-12-11,1,10,11,41,47,48,20,5000000
08/143,2008-12-13,1,7,27,36,40,48,13,0
08/144,2008-12-16,21,29,32,36,38,44,43,0
08/145,2008-12-18,2,22,27,31,40,46,13,16252200
08/146,2008-12-21,6,13,20,26,34,40,10,0
08/147,2008-12-23,22,24,26,29,33,48,46,0
08/148,2008-12-27,2,17,19,21,24,34,18,29659155
08/149,2008-12-30,4,8,18,29,40,47,9,0
09/001,2009-01-03,2,10,16,21,22,30,26,0
09/002,2009-01-06,9,14,23,30,42,45,19,8335270
09/003,2009-01-08,18,19,22,33,42,46,7,0
09/004,2009-01-11,3,7,16,19,44,47,31,0
09/005,2009-01-13,12,15,36,40,41,49,42,16231080
09/006,2009-01-15,6,9,10,12,24,32,30,5000000
09/007,2009-01-17,1,15,16,28,29,47,37,5000000
09/008,2009-01-20,5,13,22,29,34,42,37,0
09/009,2009-01-23,5,17,37,38,44,47,12,37514940
09/010,2009-01-25,4,12,19,40,44,47,49,0
09/011,2009-01-27,7,13,17,21,42,45,36,0
09/012,2009-01-29,6,8,9,17,25,36,4,0
09/013,2009-01-31,4,9,10,14,24,29,38,6222920
09/014,2009-02-03,8,12,26,31,44,46,42,5000000
09/015,2009-02-05,3,23,25,36,46,47,20,0
09/016,2009-02-07,9,12,42,44,45,48,35,0
09/017,2009-02-10,4,6,14,21,24,48,8,7699240
09/018,2009-02-12,10,14,22,28,32,42,36,0
09/019,2009-02-14,12,17,31,37,39,46,8,0
09/020,2009-02-17,8,12,15,26,39,44,6,14101445
09/021,2009-02-19,6,9,16,26,29,36,8,555555
09/022,2009-02-21,7,8,14,15,20,21,44,5000000
09/023,2009-02-24,1,9,32,37,38,47,25,0
09/024,2009-02-26,14,15,19,23,24,25,2,0
09/025,2009-02-28,5,15,22,24,34,46,26,0
09/026,2009-03-03,22,25,30,37,38,49,15,0
09/027,2009-03-05,2,7,17,20,33,47,45,17493305
09/028,2009-03-08,3,4,11,28,37,40,36,0
09/029,2009-03-10,21,27,32,33,39,48,9,0
09/030,2009-03-12,2,12,15,16,30,32,5,13038055
09/031,2009-03-14,10,16,19,33,42,43,12,5000000
09/032,2009-03-17,11,12,14,17,21,37,10,2500000
09/033,2009-03-19,6,14,18,21,32,46,43,0
09/034,2009-03-21,13,23,27,32,34,43,22,0
09/035,2009-03-24,4,12,15,16,38,46,21,0
09/036,2009-03-26,5,14,34,36,38,42,19,22911730
09/037,2009-03-29,24,32,36,40,42,43,47,0
09/038,2009-03-31,1,7,15,23,29,35,14,9361260
09/039,2009-04-02,7,13,20,33,39,45,30,0
09/040,2009-04-04,2,6,10,17,18,46,34,0
09/041,2009-04-07,4,21,22,29,41,45,14,31041760
09/042,2009-04-09,7,9,22,29,44,49,1,0
09/043,2009-04-11,3,16,25,38,45,47,35,0
09/044,2009-04-14,2,7,22,27,41,42,5,0
09/045,2009-04-16,1,11,12,19,28,30,49,9855770
09/046,2009-04-18,10,14,22,29,33,48,5,0
09/047,2009-04-21,4,18,31,41,42,43,24,10013435
09/048,2009-04-23,15,20,34,42,45,46,23,0
09/049,2009-04-25,4,17,34,38,46,49,7,0
09/050,2009-04-28,3,7,20,34,36,41,39,0
09/051,2009-04-30,8,11,21,30,38,49,35,23304255
09/052,2009-05-02,1,6,18,29,39,48,10,0
09/053,2009-05-05,5,29,30,31,41,45,47,5086930
09/054,2009-05-07,2,3,7,9,16,34,14,5000000
09/055,2009-05-10,11,14,21,28,41,48,32,0
09/056,2009-05-12,9,25,29,36,38,41,23,0
09/057,2009-05-14,6,23,31,43,46,49,40,0
09/058,2009-05-16,3,7,11,18,20,27,2,0
09/059,2009-05-19,28,33,36,38,40,45,4,32332150
09/060,2009-05-23,1,8,21,32,37,46,22,0
09/061,2009-05-26,11,14,19,25,27,47,20,31180415
09/062,2009-05-28,2,12,20,28,46,49,31,5000000
09/063,2009-05-30,9,12,14,20,27,36,11,5000000
09/064,2009-06-02,5,7,18,26,29,47,2,0
09/065,2009-06-04,4,9,19,22,24,43,1,0
09/066,2009-06-06,1,5,8,23,32,48,3,0
09/067,2009-06-09,7,13,16,35,42,46,25,0
09/068,2009-06-11,8,11,15,20,33,43,34,0
09/069,2009-06-14,12,13,25,39,42,43,38,37337865
09/070,2009-06-16,16,25,27,30,37,41,36,5000000
09/071,2009-06-18,2,11,17,19,22,26,13,5000000
09/072,2009-06-20,7,11,24,32,35,49,46,5000000
09/073,2009-06-23,1,19,34,39,43,48,45,40097340
09/074,2009-06-25,12,19,26,30,36,45,20,0
09/075,2009-06-27,16,18,21,26,30,48,45,0
09/076,2009-06-30,5,11,15,17,25,46,24,0
09/077,2009-07-02,6,19,22,24,29,40,4,23037500
09/078,2009-07-04,2,14,17,19,20,49,26,0
09/079,2009-07-07,6,27,30,38,41,47,20,10490230
09/080,2009-07-09,4,24,26,30,31,46,2,0
09/081,2009-07-11,2,9,18,21,32,47,26,10746100
09/082,2009-07-14,2,10,19,39,46,47,41,5000000
09/083,2009-07-16,3,5,14,17,29,45,31,5000000
09/084,2009-07-18,24,28,29,38,39,41,19,0
09/085,2009-07-21,1,4,6,13,15,48,39,0
09/086,2009-07-23,1,3,11,15,39,47,44,16800000
09/087,2009-07-25,4,22,23,31,36,47,20,0
09/088,2009-07-28,4,11,20,28,46,49,31,30473820
09/089,2009-07-30,4,11,12,18,21,40,44,0
09/090,2009-08-01,1,8,20,45,47,48,11,0
09/091,2009-08-04,9,27,32,34,36,37,20,0
09/092,2009-08-06,18,28,38,39,47,48,24,6153815
09/093,2009-08-08,5,8,10,11,23,30,42,1000000
09/094,2009-08-11,1,15,23,24,31,39,33,0
09/095,2009-08-13,3,6,18,27,29,37,4,0
09/096,2009-08-15,6,16,20,23,24,34,42,0
09/097,2009-08-18,1,3,15,18,20,33,48,0
09/098,2009-08-20,12,15,22,26,27,29,37,29692395
09/099,2009-08-22,3,4,12,29,32,48,16,0
09/100,2009-08-25,5,11,12,15,24,32,39,0
09/101,2009-08-27,5,8,17,24,30,42,34,0
09/102,2009-08-29,4,17,18,26,33,35,40,0
09/103,2009-09-01,17,19,22,27,40,46,4,16408335
09/104,2009-09-04,6,9,14,17,47,49,38,0
09/105,2009-09-06,9,24,35,40,41,48,31,0
09/106,2009-09-08,11,13,16,20,21,28,15,7612335
09/107,2009-09-10,7,29,31,32,33,35,48,0
09/108,2009-09-12,1,3,14,17,35,43,47,0
09/109,2009-09-15,11,14,16,17,35,49,34,0
09/110,2009-09-17,19,21,24,28,30,48,26,22080625
09/111,2009-09-19,20,23,28,37,39,41,26,0
09/112,2009-09-22,1,5,9,18,24,32,38,0
09/113,2009-09-24,9,19,22,26,34,36,24,13320465
09/114,2009-09-27,1,3,9,30,41,47,19,5000000
09/115,2009-09-29,1,5,15,33,40,48,21,30628460
09/116,2009-10-03,4,6,11,16,22,39,10,5000000
09/117,2009-10-06,12,15,17,24,36,49,14,0
09/118,2009-10-08,21,31,33,35,39,44,28,0
09/119,2009-10-10,2,12,16,19,20,49,4,16868270
09/120,2009-10-13,13,15,18,36,43,45,7,5000000
09/121,2009-10-15,15,17,22,37,39,47,26,0
09/122,2009-10-18,2,4,15,20,32,42,48,0
09/123,2009-10-20,8,26,34,36,39,46,35,0
09/124,2009-10-22,1,2,24,29,40,47,7,0
09/125,2009-10-24,22,25,26,34,41,45,15,15187950
09/126,2009-10-27,13,16,31,35,41,42,36,0
09/127,2009-10-29,13,14,15,16,18,44,48,0
09/128,2009-10-31,11,25,27,29,30,44,23,0
09/129,2009-11-03,3,19,33,42,43,45,44,24323900
09/130,2009-11-05,3,9,13,31,40,42,30,0
09/131,2009-11-08,2,17,27,32,35,38,41,9883590
09/132,2009-11-10,2,8,18,22,24,35,17,0
09/133,2009-11-12,1,6,9,10,20,46,14,7571125
09/134,2009-11-14,3,6,15,26,28,42,21,0
09/135,2009-11-17,2,4,9,28,42,43,45,0
09/136,2009-11-19,11,13,19,35,41,45,24,0
09/137,2009-11-21,2,8,23,28,38,45,21,21124030
09/138,2009-11-24,7,21,24,33,35,45,26,0
09/139,2009-11-26,1,3,9,17,18,42,7,17964920
09/140,2009-11-28,1,5,25,32,38,39,4,5000000
09/141,2009-12-01,4,5,10,17,39,44,24,5000000
09/142,2009-12-03,10,15,20,21,34,46,4,0
09/143,2009-12-05,1,14,17,23,35,38,31,9313755
09/144,2009-12-08,6,12,23,29,31,35,21,0
09/145,2009-12-10,4,8,15,16,34,49,45,0
09/146,2009-12-12,8,9,37,40,46,49,41,0
09/147,2009-12-15,10,27,28,40,46,47,18,22783415
09/148,2009-12-17,2,4,30,37,43,49,10,0
09/149,2009-12-20,2,4,24,28,32,45,38,0
09/150,2009-12-22,6,23,30,33,43,44,10,0
09/151,2009-12-24,20,22,26,27,31,44,49,44681575
09/152,2009-12-26,6,17,21,27,36,42,23,5000000
09/153,2009-12-29,9,27,33,38,39,40,14,0
09/154,2009-12-31,26,28,31,33,40,41,19,0
10/001,2010-01-02,11,13,16,18,21,22,6,3629600
10/002,2010-01-05,5,14,16,22,26,28,27,0
10/003,2010-01-07,5,14,16,25,45,48,42,0
10/004,2010-01-09,4,8,16,39,40,45,10,0
10/005,2010-01-12,9,23,25,29,30,48,1,23594340
10/006,2010-01-14,21,26,27,35,38,48,41,0
10/007,2010-01-17,5,18,19,28,35,45,27,0
10/008,2010-01-19,2,3,9,24,33,41,40,0
10/009,2010-01-21,6,7,17,24,41,48,16,12523770
10/010,2010-01-23,18,19,26,34,39,46,2,0
10/011,2010-01-26,8,9,17,31,37,38,2,0
10/012,2010-01-28,3,9,15,32,43,46,28,15859435
10/013,2010-01-30,2,4,6,30,32,34,40,2500000
10/014,2010-02-02,1,10,13,14,38,39,41,0
10/015,2010-02-04,9,20,25,36,42,47,13,10438295
10/016,2010-02-06,1,5,13,16,24,41,14,0
10/017,2010-02-09,4,8,10,13,14,49,7,38609565
10/018,2010-02-11,21,24,27,32,35,36,16,5000000
10/019,2010-02-13,5,21,26,27,28,29,44,5000000
10/020,2010-02-15,1,7,17,20,29,49,19,0
10/021,2010-02-18,4,5,7,11,28,32,3,0
10/022,2010-02-20,3,4,11,15,32,45,1,0
10/023,2010-02-23,8,19,43,44,48,49,46,23075320
10/024,2010-02-25,11,20,31,37,44,47,46,0
10/025,2010-02-27,16,17,18,22,25,36,47,0
10/026,2010-03-02,1,6,10,21,28,35,46,0
10/027,2010-03-04,10,11,24,33,34,38,16,0
10/028,2010-03-07,3,12,26,28,31,46,16,33237010
10/029,2010-03-09,9,13,14,17,28,45,20,0
10/030,2010-03-11,10,14,35,40,43,48,21,0
10/031,2010-03-13,1,4,14,18,22,39,48,0
10/032,2010-03-16,4,16,28,37,38,47,30,0
10/033,2010-03-18,4,19,30,37,39,41,31,0
10/034,2010-03-20,8,12,29,33,39,45,36,0
10/035,2010-03-23,7,11,22,27,32,46,17,13161965
10/036,2010-03-25,14,16,29,44,45,47,42,0
10/037,2010-03-27,1,3,8,22,36,44,29,0
10/038,2010-03-30,2,22,29,31,40,48,20,33012280
10/039,2010-04-01,20,21,23,31,42,43,41,0
10/040,2010-04-03,11,23,35,37,40,43,30,0
10/041,2010-04-06,11,20,25,35,42,45,8,0
10/042,2010-04-08,3,5,25,30,33,37,35,25238935
10/043,2010-04-11,2,7,20,36,38,41,40,0
10/044,2010-04-13,31,32,33,37,42,46,17,5199965
10/045,2010-04-15,19,21,30,35,36,37,33,0
10/046,2010-04-17,1,2,24,38,42,49,19,0
10/047,2010-04-20,6,17,25,27,35,40,32,15219685
10/048,2010-04-22,1,16,23,29,39,46,17,0
10/049,2010-04-24,5,12,16,23,29,39,11,8894105
10/050,2010-04-27,3,13,18,21,22,33,8,2500000
10/051,2010-04-29,5,7,24,26,41,49,3,0
10/052,2010-05-02,7,16,26,28,41,44,24,0
10/053,2010-05-04,19,24,34,40,41,46,15,15935960
10/054,2010-05-06,2,31,37,38,39,40,44,0
10/055,2010-05-09,1,5,8,21,27,34,20,8994495
10/056,2010-05-11,15,26,29,34,35,40,9,0
10/057,2010-05-13,16,22,31,37,39,49,32,0
10/058,2010-05-15,1,29,32,39,44,47,17,18138150
10/059,2010-05-18,4,7,12,20,39,48,14,0
10/060,2010-05-20,4,10,11,15,22,37,49,19817155
10/061,2010-05-22,12,17,18,26,29,33,41,0
10/062,2010-05-25,14,18,30,40,43,46,27,0
10/063,2010-05-27,9,22,28,32,33,49,18,0
10/064,2010-05-29,4,16,25,26,33,42,30,0
10/065,2010-06-01,7,11,13,24,28,46,26,0
10/066,2010-06-03,5,16,19,26,42,44,6,0
10/067,2010-06-05,9,15,30,37,38,40,1,29186880
10/068,2010-06-08,7,8,12,21,23,47,10,0
10/069,2010-06-10,8,26,32,35,36,49,24,40085640
10/070,2010-06-13,2,11,19,20,21,40,43,5000000
10/071,2010-06-15,5,10,18,21,35,49,11,0
10/072,2010-06-17,5,11,15,42,45,48,14,0
10/073,2010-06-19,2,8,12,13,27,35,37,14391610
10/074,2010-06-22,2,4,9,20,35,40,44,0
10/075,2010-06-24,5,23,26,31,34,49,24,0
10/076,2010-06-26,7,13,15,20,21,41,2,16721705
10/077,2010-06-29,8,11,21,38,41,48,49,0
10/078,2010-07-03,2,13,14,21,45,49,19,0
10/079,2010-07-06,14,17,21,29,42,46,49,17397970
10/080,2010-07-08,4,16,40,43,46,47,27,0
10/081,2010-07-10,2,22,25,27,35,42,13,4610435
10/082,2010-07-13,2,3,5,25,43,48,24,0
10/083,2010-07-15,2,10,16,18,41,44,31,0
10/084,2010-07-17,7,12,30,34,40,48,33,0
10/085,2010-07-20,5,13,26,29,40,47,42,7669590
10/086,2010-07-24,6,15,22,25,33,42,24,0
10/087,2010-07-27,4,17,23,28,43,46,22,0
10/088,2010-07-29,12,13,38,41,44,49,22,0
10/089,2010-07-31,12,28,29,33,35,37,22,0
10/090,2010-08-03,9,17,26,31,35,36,42,34111400
10/091,2010-08-05,8,30,42,46,48,49,7,0
10/092,2010-08-07,3,18,34,41,45,46,37,0
10/093,2010-08-10,5,8,12,20,30,39,23,0
10/094,2010-08-12,6,17,29,33,42,48,34,24625810
10/095,2010-08-14,6,12,17,34,38,46,43,0
10/096,2010-08-17,2,5,8,22,25,35,16,1288400
10/097,2010-08-19,8,12,30,43,46,48,35,0
10/098,2010-08-21,18,21,34,37,40,49,28,0
10/099,2010-08-24,6,9,11,16,25,37,45,0
10/100,2010-08-26,1,7,9,10,36,44,37,22008965
10/101,2010-08-28,1,3,6,7,36,49,42,0
10/102,2010-08-30,6,16,39,40,46,49,41,0
10/103,2010-09-02,3,7,11,20,23,48,38,13333350
10/104,2010-09-04,17,19,25,34,43,45,47,0
10/105,2010-09-07,2,3,16,42,43,45,27,0
10/106,2010-09-09,2,4,19,34,37,41,5,0
10/107,2010-09-11,10,20,24,35,36,39,12,0
10/108,2010-09-14,3,4,7,22,30,39,6,0
10/109,2010-09-16,5,8,31,46,47,49,34,20675100
10/110,2010-09-19,12,17,19,26,33,40,25,0
10/111,2010-09-21,10,13,23,35,36,48,47,31023870
10/112,2010-09-25,16,23,30,37,39,43,5,0
10/113,2010-09-28,7,30,31,42,45,49,46,0
10/114,2010-09-30,9,18,21,22,26,29,27,0
10/115,2010-10-02,7,16,17,21,27,36,6,0
10/116,2010-10-05,5,6,8,16,29,31,12,22563575
10/117,2010-10-07,14,15,21,22,32,40,2,0
10/118,2010-10-09,22,37,41,42,44,45,27,9257920
10/119,2010-10-12,9,13,21,24,38,46,27,5236415
10/120,2010-10-14,4,7,10,26,42,47,13,0
10/121,2010-10-16,1,29,30,44,45,49,41,0
10/122,2010-10-19,2,20,29,38,39,43,37,0
10/123,2010-10-21,4,9,23,35,46,49,18,19769515
10/124,2010-10-23,1,28,33,41,42,45,8,0
10/125,2010-10-26,3,8,14,20,33,41,32,0
10/126,2010-10-28,8,9,17,31,36,47,46,7265175
10/127,2010-10-30,7,8,12,24,30,49,27,0
10/128,2010-11-02,5,17,24,25,36,45,15,4453715
10/129,2010-11-04,5,9,25,27,33,44,17,0
10/130,2010-11-09,4,15,41,43,45,49,18,0
10/131,2010-11-11,5,6,15,28,29,43,48,46496730
10/132,2010-11-13,7,18,21,28,47,48,35,0
10/133,2010-11-16,3,12,20,39,46,49,19,37212370
10/134,2010-11-18,6,20,30,33,39,47,23,0
10/135,2010-11-20,3,6,9,29,30,33,14,11128430
10/136,2010-11-23,1,10,11,24,30,49,35,8000000
10/137,2010-11-25,17,22,28,31,39,45,8,0
10/138,2010-11-27,13,17,25,26,43,44,42,0
10/139,2010-11-30,3,14,16,19,45,48,9,0
10/140,2010-12-02,6,11,17,31,40,41,34,25138920
10/141,2010-12-05,9,10,20,42,46,47,27,0
10/142,2010-12-07,12,13,18,20,28,48,14,0
10/143,2010-12-09,4,10,20,25,33,36,37,0
10/144,2010-12-11,15,18,22,24,27,30,10,37963710
10/145,2010-12-14,3,7,28,29,38,48,40,0
10/146,2010-12-16,12,13,18,19,27,29,10,0
10/147,2010-12-18,15,19,34,39,44,45,23,0
10/148,2010-12-20,4,5,12,16,18,41,7,0
10/149,2010-12-22,3,4,15,24,35,41,36,47624870
10/150,2010-12-25,1,2,4,13,43,48,11,0
10/151,2010-12-28,8,23,28,31,36,37,12,0
10/152,2010-12-30,4,13,18,20,36,39,12,0
11/001,2011-01-02,1,13,20,24,37,39,3,0
11/002,2011-01-04,4,9,16,20,38,39,40,0
11/003,2011-01-06,4,7,14,15,19,26,43,40939540
11/004,2011-01-08,10,12,18,21,27,33,4,0
11/005,2011-01-11,1,2,29,37,42,48,38,0
11/006,2011-01-13,17,19,25,36,40,44,10,30528930
11/007,2011-01-15,13,18,29,31,32,46,2,0
11/008,2011-01-18,9,15,21,31,33,41,37,15268480
11/009,2011-01-20,5,21,28,30,37,42,48,0
11/010,2011-01-22,1,15,30,39,45,49,37,0
11/011,2011-01-25,9,14,16,17,21,26,20,0
11/012,2011-01-27,1,6,14,25,29,35,48,0
11/013,2011-01-29,5,8,9,10,29,49,46,22846740
11/014,2011-02-01,1,8,22,32,46,48,9,0
11/015,2011-02-03,6,8,10,28,36,37,21,0
11/016,2011-02-06,1,2,16,27,31,47,19,25678290
11/017,2011-02-08,11,21,27,28,32,34,17,0
11/018,2011-02-10,2,3,9,18,20,36,12,0
11/019,2011-02-13,10,13,20,24,37,47,16,19092450
11/020,2011-02-15,16,17,18,27,38,41,30,0
11/021,2011-02-17,9,24,25,30,35,37,45,23115220
11/022,2011-02-19,13,16,18,23,34,42,40,0
11/023,2011-02-22,3,8,21,22,28,48,5,0
11/024,2011-02-24,7,26,27,29,30,41,44,17303460
11/025,2011-02-26,1,24,28,33,37,47,49,0
11/026,2011-03-01,4,25,30,41,43,45,29,0
11/027,2011-03-03,8,9,13,17,33,49,30,0
11/028,2011-03-05,2,7,16,25,29,34,10,27508640
11/029,2011-03-08,4,15,23,33,37,47,22,8000000
11/030,2011-03-10,2,6,21,45,46,49,28,0
11/031,2011-03-13,6,14,26,27,30,43,21,0
11/032,2011-03-15,4,11,15,16,35,42,9,0
11/033,2011-03-17,4,5,23,31,39,48,20,0
11/034,2011-03-19,8,12,24,31,33,41,20,31846080
11/035,2011-03-22,18,24,26,34,38,45,15,0
11/036,2011-03-24,10,16,17,38,42,43,13,0
11/037,2011-03-26,2,12,20,25,31,47,29,65235750
11/038,2011-03-29,1,2,9,20,24,49,43,8000000
11/039,2011-03-31,6,23,24,38,39,40,32,5333330
11/040,2011-04-02,3,12,15,31,36,49,11,0
11/041,2011-04-05,8,10,26,29,41,44,9,0
11/042,2011-04-07,1,5,21,26,31,43,22,0
11/043,2011-04-10,6,10,24,34,37,47,12,14329850
11/044,2011-04-12,2,4,9,12,21,31,10,8000000
11/045,2011-04-14,12,14,23,32,37,39,28,0
11/046,2011-04-16,1,16,17,26,31,36,45,0
11/047,2011-04-19,1,8,18,20,22,46,28,0
11/048,2011-04-21,1,6,9,10,22,26,35,13329810
11/049,2011-04-23,2,4,26,30,31,43,38,0
11/050,2011-04-26,11,15,25,29,30,49,47,14588850
11/051,2011-04-28,1,6,15,30,33,49,3,0
11/052,2011-04-30,9,10,23,29,30,34,36,0
11/053,2011-05-03,2,3,13,23,34,38,5,0
11/054,2011-05-05,5,6,15,20,32,48,22,0
11/055,2011-05-08,10,14,26,29,39,41,6,0
11/056,2011-05-12,4,9,25,28,39,45,30,0
11/057,2011-05-14,4,10,15,22,33,35,48,0
11/058,2011-05-17,12,14,27,35,46,49,31,0
11/059,2011-05-20,13,15,18,30,32,48,8,44509550
11/060,2011-05-22,15,17,22,36,45,47,35,0
11/061,2011-05-24,11,20,31,33,39,48,4,0
11/062,2011-05-26,5,6,22,37,44,48,23,23888330
11/063,2011-05-28,7,13,34,38,43,44,10,20812000
11/064,2011-05-31,1,4,10,24,30,39,8,0
11/065,2011-06-02,2,7,18,23,39,47,17,0
11/066,2011-06-04,7,8,33,36,46,49,18,20025210
11/067,2011-06-07,22,24,33,36,42,49,38,25535270
11/068,2011-06-09,3,5,6,15,39,42,35,0
11/069,2011-06-12,1,4,13,17,35,44,22,13981370
11/070,2011-06-14,12,13,19,22,39,48,46,0
11/071,2011-06-16,4,12,26,44,47,48,2,0
11/072,2011-06-18,14,16,38,44,48,49,39,29300180
11/073,2011-06-21,9,10,16,21,32,47,38,0
11/074,2011-06-23,2,15,27,32,43,49,42,0
11/075,2011-06-25,4,23,24,30,34,45,19,0
11/076,2011-06-28,4,15,17,43,45,47,38,0
11/077,2011-06-30,10,20,40,46,48,49,13,0
11/078,2011-07-02,5,13,31,33,34,35,27,0
11/079,2011-07-05,9,16,22,28,30,32,37,59028690
11/080,2011-07-07,10,14,29,35,40,46,30,0
11/081,2011-07-09,1,10,11,13,42,48,15,12825790
11/082,2011-07-12,16,18,28,33,41,45,29,0
11/083,2011-07-14,11,13,33,37,45,48,36,13699280
11/084,2011-07-16,11,17,20,31,48,49,35,0
11/085,2011-07-19,3,10,31,40,41,43,20,0
11/086,2011-07-21,6,18,26,28,30,49,22,0
11/087,2011-07-24,7,8,27,29,37,48,21,62873120
11/088,2011-07-26,15,25,26,34,35,41,10,0
11/089,2011-07-28,11,21,30,36,42,47,34,34706930
11/090,2011-07-30,6,29,44,45,46,47,30,0
11/091,2011-08-02,11,14,21,24,25,47,36,0
11/092,2011-08-04,2,11,25,32,34,39,31,0
11/093,2011-08-06,9,30,31,34,42,45,24,0
11/094,2011-08-09,5,6,11,25,45,48,34,0
11/095,2011-08-11,4,6,7,25,35,37,48,24932880
11/096,2011-08-13,11,18,23,31,37,49,10,0
11/097,2011-08-16,5,8,9,10,22,38,7,0
11/098,2011-08-18,5,14,17,43,45,49,12,0
11/099,2011-08-20,13,15,17,23,26,47,1,0
11/100,2011-08-23,11,24,25,36,41,45,40,0
11/101,2011-08-25,6,10,17,20,25,28,2,42179490
11/102,2011-08-27,9,10,19,27,29,45,30,8000000
11/103,2011-08-30,9,15,24,46,48,49,6,5440250
11/104,2011-09-02,2,29,33,34,44,49,42,0
11/105,2011-09-04,4,18,21,22,39,46,29,0
11/106,2011-09-06,1,4,7,21,23,44,17,13684200
11/107,2011-09-08,14,18,22,30,39,44,32,0
11/108,2011-09-10,15,19,36,44,45,49,16,0
11/109,2011-09-13,11,13,16,19,28,46,22,0
11/110,2011-09-15,5,7,13,29,41,49,25,69930990
11/111,2011-09-17,6,12,14,25,35,43,42,43796810
11/112,2011-09-20,10,27,33,40,47,48,13,8108640
11/113,2011-09-22,8,10,19,27,39,44,6,0
11/114,2011-09-24,6,16,18,28,34,40,38,0
11/115,2011-09-27,4,22,23,37,40,49,13,0
11/116,2011-10-02,9,14,22,37,41,45,5,29904680
11/117,2011-10-04,1,4,9,15,37,39,47,0
11/118,2011-10-08,4,8,24,26,37,41,33,0
11/119,2011-10-11,2,6,22,25,33,39,46,0
11/120,2011-10-13,2,8,28,30,33,40,23,0
11/121,2011-10-15,11,24,28,37,41,43,13,0
11/122,2011-10-18,4,9,23,37,47,48,14,13198120
11/123,2011-10-20,2,16,23,32,34,35,40,0
11/124,2011-10-22,1,11,18,20,26,30,47,0
11/125,2011-10-25,17,22,26,27,29,35,44,27560740
11/126,2011-10-27,1,9,22,43,46,48,49,0
11/127,2011-10-29,5,12,15,17,18,39,47,0
11/128,2011-11-01,8,15,19,21,24,44,10,0
11/129,2011-11-03,1,3,21,34,41,44,43,0
11/130,2011-11-06,1,3,7,11,16,34,49,0
11/131,2011-11-08,2,23,30,34,40,42,48,18800770
11/132,2011-11-10,4,7,9,20,37,49,33,0
11/133,2011-11-12,10,17,29,33,42,48,35,0
11/134,2011-11-15,7,11,14,25,26,30,29,0
11/135,2011-11-17,3,6,23,24,42,44,35,29149350
11/136,2011-11-19,10,12,13,14,22,47,21,0
11/137,2011-11-22,7,21,24,31,43,47,5,0
11/138,2011-11-24,3,5,19,35,38,41,32,0
11/139,2011-11-26,4,22,33,39,42,47,14,0
11/140,2011-11-29,3,6,13,37,40,42,29,0
11/141,2011-12-01,1,3,8,22,28,33,5,15576820
11/142,2011-12-03,2,3,9,18,23,37,31,0
11/143,2011-12-06,1,2,5,6,11,43,25,0
11/144,2011-12-08,5,20,22,28,36,48,1,17653350
11/145,2011-12-10,3,14,21,25,27,42,34,0
11/146,2011-12-13,3,25,32,36,38,40,31,0
11/147,2011-12-15,9,21,29,34,43,47,32,0
11/148,2011-12-18,1,2,23,35,38,46,5,35865290
11/149,2011-12-20,26,29,31,37,43,49,2,54829860
11/150,2011-12-22,5,16,18,28,37,49,24,0
11/151,2011-12-24,1,4,17,24,27,43,41,15727140
11/152,2011-12-26,8,30,31,37,38,48,5,0
11/153,2011-12-29,7,10,21,23,29,39,1,0
11/154,2011-12-31,2,3,27,40,44,49,38,18767030
12/001,2012-01-03,5,12,31,34,37,45,10,0
12/002,2012-01-05,9,11,33,43,46,48,2,0
12/003,2012-01-07,3,7,10,31,32,35,30,26778550
12/004,2012-01-10,3,20,26,31,32,35,12,0
12/005,2012-01-12,15,27,32,36,44,48,47,0
12/006,2012-01-14,10,13,20,24,29,36,14,23378770
12/007,2012-01-17,16,23,24,35,36,44,1,0
12/008,2012-01-19,1,2,14,18,25,39,31,0
12/009,2012-01-22,10,14,18,20,34,47,41,0
12/010,2012-01-26,3,10,11,17,29,34,15,0
12/011,2012-01-31,22,27,28,29,42,46,49,86112100
12/012,2012-02-02,14,20,21,38,45,46,47,0
12/013,2012-02-04,6,12,16,20,27,38,7,15171610
12/014,2012-02-07,11,16,30,34,41,45,47,0
12/015,2012-02-09,3,12,20,33,34,41,43,0
12/016,2012-02-12,7,9,33,34,39,41,48,21315060
12/017,2012-02-14,10,14,21,37,39,49,25,0
12/018,2012-02-16,4,12,18,25,42,44,8,24984050
12/019,2012-02-18,5,12,16,17,41,46,15,0
12/020,2012-02-21,1,11,12,15,35,49,17,0
12/021,2012-02-23,1,5,15,22,43,47,37,0
12/022,2012-02-25,12,14,24,26,27,49,22,0
12/023,2012-02-28,8,9,24,28,37,49,47,0
12/024,2012-03-01,25,30,31,34,40,47,13,0
12/025,2012-03-03,1,3,4,8,21,28,5,24382980
12/026,2012-03-06,3,7,28,31,33,36,32,5333330
12/027,2012-03-08,3,5,9,17,35,36,43,8000000
12/028,2012-03-11,10,23,33,39,42,48,34,6523430
12/029,2012-03-13,7,8,26,43,47,48,12,0
12/030,2012-03-15,4,28,31,34,48,49,6,0
12/031,2012-03-17,4,6,13,18,23,45,15,0
12/032,2012-03-20,11,13,18,29,44,46,37,33333200
12/033,2012-03-22,2,35,38,47,48,49,41,0
12/034,2012-03-24,3,23,32,35,43,49,34,0
12/035,2012-03-27,2,7,17,25,30,43,38,38292990
12/036,2012-03-29,10,16,21,28,29,31,8,0
12/037,2012-03-31,11,19,30,33,37,44,18,0
12/038,2012-04-03,20,21,28,44,46,47,42,49104610
12/039,2012-04-05,13,15,17,18,41,45,14,31456990
12/040,2012-04-07,3,14,22,24,34,49,44,0
12/041,2012-04-10,4,11,16,26,42,47,6,0
12/042,2012-04-12,2,11,16,17,25,28,41,0
12/043,2012-04-14,3,15,19,20,32,40,25,0
12/044,2012-04-17,6,7,17,19,35,46,4,0
12/045,2012-04-19,5,12,13,20,37,41,23,0
12/046,2012-04-22,1,3,11,21,41,42,2,35477960
12/047,2012-04-24,1,17,28,29,31,34,45,0
12/048,2012-04-26,7,10,11,17,22,30,14,0
12/049,2012-04-28,11,17,19,20,29,32,38,0
12/050,2012-05-01,5,17,19,26,32,33,22,0
12/051,2012-05-03,2,20,28,46,47,49,3,33911460
12/052,2012-05-05,4,11,17,29,39,49,8,0
12/053,2012-05-08,4,9,10,17,33,34,35,0
12/054,2012-05-10,13,17,23,32,34,46,41,0
12/055,2012-05-13,16,21,30,34,39,45,4,0
12/056,2012-05-15,5,14,16,22,23,33,32,0
12/057,2012-05-17,1,10,15,21,27,37,40,29868930
12/058,2012-05-20,3,17,23,26,41,47,33,0
12/059,2012-05-22,1,8,22,26,32,37,41,0
12/060,2012-05-24,2,5,8,29,40,47,34,20869430
12/061,2012-05-26,9,10,20,22,38,49,7,8000000
12/062,2012-05-29,8,18,20,22,31,37,46,8000000
12/063,2012-05-31,4,9,24,31,39,47,38,0
12/064,2012-06-02,9,14,19,20,43,47,37,0
12/065,2012-06-05,10,21,26,34,35,43,37,0
12/066,2012-06-07,4,17,20,29,39,48,9,0
12/067,2012-06-10,8,15,18,37,39,44,6,0
12/068,2012-06-12,7,14,16,25,30,36,32,0
12/069,2012-06-16,2,4,6,7,13,29,9,17147740
12/070,2012-06-19,10,13,26,40,42,48,24,0
12/071,2012-06-21,2,5,8,13,17,35,28,28364760
12/072,2012-06-23,9,14,17,34,40,48,39,0
12/073,2012-06-26,6,19,26,28,37,49,47,14392890
12/074,2012-06-28,3,6,14,19,27,36,24,5333330
12/075,2012-06-30,10,13,28,32,37,41,1,0
12/076,2012-07-03,6,10,12,14,31,38,20,0
12/077,2012-07-05,2,3,11,24,26,27,44,0
12/078,2012-07-07,1,4,5,22,44,46,37,0
12/079,2012-07-10,4,7,13,28,36,49,3,32054460
12/080,2012-07-12,2,13,33,39,40,44,43,0
12/081,2012-07-14,2,6,16,24,41,46,27,0
12/082,2012-07-17,8,11,17,24,30,49,3,0
12/083,2012-07-19,9,20,30,34,35,46,29,0
12/084,2012-07-21,7,19,23,30,34,45,13,34938270
12/085,2012-07-24,10,11,15,22,23,45,31,0
12/086,2012-07-26,9,11,13,22,24,44,32,0
12/087,2012-07-28,18,25,38,40,44,45,5,0
12/088,2012-07-31,2,10,16,23,35,47,1,17154580
12/089,2012-08-02,9,11,12,22,28,49,7,0
12/090,2012-08-04,8,15,20,41,42,49,12,13465570
12/091,2012-08-07,2,9,13,40,44,46,10,8000000
12/092,2012-08-09,10,13,20,22,42,46,48,0
12/093,2012-08-11,5,11,12,31,41,42,16,12432540
12/094,2012-08-14,2,13,16,34,37,47,28,0
12/095,2012-08-16,5,6,13,19,23,34,8,0
12/096,2012-08-18,7,10,22,32,34,48,45,0
12/097,2012-08-21,1,7,12,17,36,38,48,0
12/098,2012-08-23,13,15,25,28,45,47,5,17176790
12/099,2012-08-25,3,7,21,22,38,47,27,0
12/100,2012-08-28,7,17,24,29,47,49,45,13257260
12/101,2012-08-30,7,11,15,21,26,34,38,0
12/102,2012-09-01,9,12,15,19,21,47,38,0
12/103,2012-09-04,20,24,34,36,43,45,3,0
12/104,2012-09-06,6,13,33,38,41,43,29,0
12/105,2012-09-09,4,7,12,15,27,34,37,0
12/106,2012-09-11,4,11,25,27,39,41,43,46786070
12/107,2012-09-13,16,20,22,31,42,48,43,0
12/108,2012-09-15,6,7,18,21,27,48,42,0
12/109,2012-09-18,15,26,27,38,42,43,39,0
12/110,2012-09-22,2,13,33,35,38,49,40,49591870
12/111,2012-09-25,1,4,17,20,28,32,47,3200000
12/112,2012-09-27,1,3,10,15,17,40,28,0
12/113,2012-09-29,2,8,16,17,20,26,32,0
12/114,2012-10-02,12,24,25,33,37,44,13,0
12/115,2012-10-07,1,10,12,13,29,47,9,0
12/116,2012-10-09,15,17,21,22,27,36,16,0
12/117,2012-10-11,1,3,11,18,40,46,35,0
12/118,2012-10-13,5,6,11,26,33,41,4,57488940
12/119,2012-10-16,9,17,27,35,39,44,40,0
12/120,2012-10-18,4,6,10,14,16,29,26,0
12/121,2012-10-20,4,19,31,34,37,44,6,0
12/122,2012-10-23,11,28,29,41,45,47,21,71084710
12/123,2012-10-25,8,17,23,40,41,43,28,0
12/124,2012-10-27,26,28,30,34,36,39,1,0
12/125,2012-10-30,1,20,28,30,34,40,19,0
12/126,2012-11-01,15,18,24,28,34,42,2,0
12/127,2012-11-03,1,12,33,36,46,48,41,65018000
12/128,2012-11-06,1,6,8,28,37,39,42,0
12/129,2012-11-08,15,26,31,37,44,47,43,0
12/130,2012-11-11,9,26,28,35,45,47,25,22664860
12/131,2012-11-13,3,5,25,26,29,30,31,0
12/132,2012-11-15,18,20,36,41,46,48,21,14238080
12/133,2012-11-17,7,12,24,39,43,48,30,8000000
12/134,2012-11-20,2,11,20,37,45,47,13,0
12/135,2012-11-22,9,22,26,30,44,49,31,0
12/136,2012-11-24,2,3,4,15,23,40,13,0
12/137,2012-11-27,8,20,21,24,34,47,10,0
12/138,2012-11-29,13,17,26,28,32,34,6,0
12/139,2012-12-01,10,16,17,27,36,38,47,0
12/140,2012-12-04,7,10,11,18,37,47,4,0
12/141,2012-12-06,1,6,38,41,43,45,48,64521730
12/142,2012-12-08,15,22,30,33,34,47,38,0
12/143,2012-12-11,2,15,28,41,42,49,24,0
12/144,2012-12-13,6,9,29,31,42,47,14,0
12/145,2012-12-15,18,21,28,33,41,47,48,0
12/146,2012-12-18,8,14,21,41,45,48,34,42704240
12/147,2012-12-20,4,12,25,34,36,40,49,0
12/148,2012-12-23,9,27,28,32,34,43,2,0
12/149,2012-12-25,12,18,23,24,46,49,14,0
12/150,2012-12-27,4,7,29,39,44,47,23,0
12/151,2012-12-29,1,6,9,11,33,39,40,0
12/152,2012-12-31,5,6,25,30,32,48,45,0
13/001,2013-01-03,17,25,32,33,46,48,39,0
13/002,2013-01-08,14,19,20,21,29,49,7,41343400
13/003,2013-01-10,2,9,24,34,41,45,48,0
13/004,2013-01-13,3,6,19,21,31,49,7,0
13/005,2013-01-15,3,4,7,24,27,31,13,20079730
13/006,2013-01-17,2,8,14,25,43,44,11,0
13/007,2013-01-19,3,12,19,21,31,48,26,0
13/008,2013-01-22,2,4,20,22,30,37,1,0
13/009,2013-01-24,1,2,3,9,20,49,24,16480650
13/010,2013-01-26,2,29,41,42,45,48,5,8000000
13/011,2013-01-29,8,20,26,36,44,47,28,0
13/012,2013-01-31,16,22,27,35,38,46,32,12240970
13/013,2013-02-03,2,17,23,39,47,48,22,0
13/014,2013-02-05,5,19,31,32,34,45,13,15690440
13/015,2013-02-07,3,8,12,18,22,33,37,10304580
13/016,2013-02-09,4,8,10,35,46,47,32,0
13/017,2013-02-14,11,16,24,27,36,48,47,28442570
13/018,2013-02-16,3,12,30,35,37,38,18,0
13/019,2013-02-19,5,18,19,32,40,44,34,15530600
13/020,2013-02-21,11,14,21,22,32,49,7,8000000
13/021,2013-02-23,12,19,23,30,35,36,15,0
13/022,2013-02-26,1,4,15,16,18,36,21,0
13/023,2013-02-28,10,11,23,26,28,30,17,0
13/024,2013-03-03,7,8,26,31,35,39,37,0
13/025,2013-03-05,4,6,8,35,36,43,5,0
13/026,2013-03-07,8,9,24,35,39,41,2,31493020
13/027,2013-03-09,9,18,24,34,40,43,28,0
13/028,2013-03-12,13,15,17,30,38,45,4,0
13/029,2013-03-14,3,4,15,16,17,46,12,20191810
13/030,2013-03-16,6,9,31,41,45,47,18,0
13/031,2013-03-19,3,12,15,28,29,34,8,0
13/032,2013-03-21,1,4,13,22,39,42,34,0
13/033,2013-03-23,6,9,17,25,33,42,27,0
13/034,2013-03-26,10,15,26,35,40,44,11,42154010
13/035,2013-03-28,12,17,31,38,44,45,43,0
13/036,2013-03-30,4,6,19,25,34,43,17,0
13/037,2013-04-02,2,4,9,31,33,46,5,18096050
13/038,2013-04-04,2,7,11,15,17,27,4,8000000
13/039,2013-04-06,10,12,16,29,41,48,25,0
13/040,2013-04-09,2,3,25,28,35,43,39,0
13/041,2013-04-11,11,18,20,24,29,49,2,20736740
13/042,2013-04-13,8,16,29,40,46,47,18,0
13/043,2013-04-16,11,15,21,27,38,43,48,25440160
13/044,2013-04-18,4,5,14,17,22,39,9,8377850
13/045,2013-04-21,9,10,15,33,40,49,48,0
13/046,2013-04-23,7,20,23,29,35,41,6,0
13/047,2013-04-25,14,15,17,22,38,48,19,0
13/048,2013-04-27,4,7,16,23,26,28,9,0
13/049,2013-04-30,4,18,24,30,31,49,36,33953210
13/050,2013-05-02,1,5,28,31,44,46,14,0
13/051,2013-05-04,1,10,29,40,44,49,33,0
13/052,2013-05-07,5,9,14,24,29,37,36,0
13/053,2013-05-09,12,14,15,16,22,34,13,55390220
13/054,2013-05-12,1,6,11,16,20,25,22,0
13/055,2013-05-14,2,11,16,19,44,47,27,0
13/056,2013-05-16,7,18,27,32,42,48,17,18419630
13/057,2013-05-19,4,14,24,30,43,48,34,0
13/058,2013-05-21,11,12,16,18,23,31,36,0
13/059,2013-05-23,12,24,27,45,47,49,6,0
13/060,2013-05-25,3,8,10,25,26,40,38,25067670
13/061,2013-05-28,1,4,5,6,9,25,27,1066660
13/062,2013-05-30,15,17,22,27,36,46,23,8000000
13/063,2013-06-01,1,23,27,36,45,49,7,0
13/064,2013-06-04,9,17,26,36,40,48,2,0
13/065,2013-06-06,10,16,20,28,32,48,30,20831590
13/066,2013-06-09,15,18,22,24,42,44,28,0
13/067,2013-06-11,1,14,21,35,39,40,5,74826070
13/068,2013-06-13,3,11,26,32,35,43,1,0
13/069,2013-06-15,9,14,27,29,42,45,44,58303910
13/070,2013-06-18,9,22,23,31,45,47,39,8000000
13/071,2013-06-20,11,14,16,29,31,46,30,8000000
13/072,2013-06-22,23,25,34,40,42,46,39,0
13/073,2013-06-25,17,20,29,35,38,40,22,0
13/074,2013-06-27,16,34,37,42,47,48,17,0
13/075,2013-06-29,1,3,4,26,34,37,14,0
13/076,2013-07-02,7,19,28,33,43,45,13,0
13/077,2013-07-06,6,9,27,29,43,47,17,0
13/078,2013-07-09,1,4,15,38,40,46,49,0
13/079,2013-07-11,14,26,28,38,39,45,8,70221750
13/080,2013-07-13,7,14,18,23,32,46,42,44225450
13/081,2013-07-16,3,18,19,20,37,47,25,0
13/082,2013-07-18,14,18,28,32,36,46,44,0
13/083,2013-07-21,3,17,20,26,33,47,34,40791000
13/084,2013-07-23,6,8,17,22,28,32,20,8000000
13/085,2013-07-25,20,23,27,32,34,49,30,8000000
13/086,2013-07-27,1,3,7,22,28,36,21,8000000
13/087,2013-07-30,8,12,31,33,42,44,49,0
13/088,2013-08-01,6,8,10,19,20,22,42,14273380
13/089,2013-08-03,5,6,12,23,38,39,48,12093300
13/090,2013-08-06,4,11,15,19,32,44,42,0
13/091,2013-08-08,13,15,23,25,26,29,9,0
13/092,2013-08-10,3,10,20,30,41,44,31,0
13/093,2013-08-13,1,6,31,41,42,49,44,0
13/094,2013-08-15,10,16,22,26,31,42,23,0
13/095,2013-08-17,9,14,30,31,32,49,1,0
13/096,2013-08-20,13,14,15,31,46,48,36,0
13/097,2013-08-22,1,16,25,33,41,49,46,34624400
13/098,2013-08-24,3,6,10,14,15,20,33,4000000
13/099,2013-08-27,9,14,29,30,32,36,20,0
13/100,2013-08-29,24,25,28,35,38,47,16,0
13/101,2013-08-31,3,6,17,18,42,43,36,0
13/102,2013-09-03,21,25,26,33,35,39,17,26604050
13/103,2013-09-05,1,7,22,28,29,49,37,0
13/104,2013-09-07,7,10,17,18,28,30,6,0
13/105,2013-09-10,8,12,19,39,48,49,17,0
13/106,2013-09-12,1,14,26,28,31,48,36,23254270
13/107,2013-09-14,6,21,29,39,40,47,33,0
13/108,2013-09-16,17,22,31,39,45,47,49,12902140
13/109,2013-09-19,3,15,18,26,45,49,41,83968130
13/110,2013-09-21,22,25,35,36,39,47,31,0
13/111,2013-09-24,13,25,26,29,30,39,19,0
13/112,2013-09-26,3,6,7,9,11,28,34,16641090
13/113,2013-09-28,33,39,40,43,48,49,34,8000000
13/114,2013-09-30,1,11,29,40,43,44,4,0
13/115,2013-10-03,14,17,26,32,35,41,15,17453470
13/116,2013-10-05,4,6,9,29,31,36,20,0
13/117,2013-10-08,1,3,6,7,15,27,30,5191970
13/118,2013-10-10,8,9,11,16,17,38,20,0
13/119,2013-10-13,24,28,35,37,42,48,38,0
13/120,2013-10-15,4,20,27,33,41,46,12,21702120
13/121,2013-10-17,1,11,24,35,44,45,49,16689830
13/122,2013-10-19,1,10,31,41,44,47,18,0
13/123,2013-10-22,5,9,34,36,41,49,26,0
13/124,2013-10-24,9,10,22,24,43,44,30,27369500
13/125,2013-10-26,6,15,30,38,47,48,40,0
13/126,2013-10-29,1,20,22,25,34,47,17,0
13/127,2013-10-31,2,9,29,43,46,47,21,0
13/128,2013-11-02,8,18,19,29,31,34,36,32290420
13/129,2013-11-05,4,22,25,37,38,42,20,0
13/130,2013-11-07,4,9,14,26,30,42,21,0
13/131,2013-11-10,13,31,32,35,39,42,16,0
13/132,2013-11-12,18,19,21,28,47,49,46,47714340
13/133,2013-11-14,3,8,10,25,29,34,32,0
13/134,2013-11-16,1,8,17,32,39,43,48,0
13/135,2013-11-19,12,27,35,44,47,49,36,23676630
13/136,2013-11-21,3,6,8,23,25,49,4,15953760
13/137,2013-11-23,3,18,20,21,30,41,13,0
13/138,2013-11-26,9,10,12,31,34,44,18,0
13/139,2013-11-28,3,6,21,33,34,43,9,0
13/140,2013-11-30,2,15,19,34,42,45,14,0
13/141,2013-12-03,1,17,24,29,39,40,21,0
13/142,2013-12-05,1,16,17,19,26,46,29,0
13/143,2013-12-07,5,18,24,26,41,44,20,0
13/144,2013-12-10,1,8,17,30,36,46,16,90951590
13/145,2013-12-12,10,19,24,28,31,34,27,0
13/146,2013-12-14,6,14,15,38,46,49,29,0
13/147,2013-12-17,1,8,15,19,20,33,47,0
13/148,2013-12-19,4,14,31,39,43,47,27,0
13/149,2013-12-22,12,13,18,41,43,49,39,16513930
13/150,2013-12-25,4,21,25,45,47,49,6,0
13/151,2013-12-28,4,9,20,32,42,43,5,0
13/152,2013-12-31,7,9,12,40,42,44,14,0
14/001,2014-01-02,1,36,38,43,46,49,21,51516650
14/002,2014-01-04,6,16,31,32,44,49,43,0
14/003,2014-01-07,9,16,30,31,38,41,46,0
14/004,2014-01-09,4,15,16,28,39,45,25,0
14/005,2014-01-12,3,16,36,39,42,44,17,34819980
14/006,2014-01-14,9,11,27,31,33,34,21,0
14/007,2014-01-16,9,15,16,17,18,37,33,0
14/008,2014-01-18,3,17,18,26,28,44,38,20291470
14/009,2014-01-21,8,20,23,34,37,49,44,0
14/010,2014-01-23,4,5,18,21,27,31,7,0
14/011,2014-01-25,5,20,37,38,43,48,6,0
14/012,2014-01-28,4,20,27,30,31,37,18,30275820
14/013,2014-01-30,2,3,4,16,26,36,45,10656700
14/014,2014-02-04,11,13,15,39,48,49,37,48215660
14/015,2014-02-06,26,27,32,33,37,45,39,33434650
14/016,2014-02-09,20,21,35,37,47,48,14,0
14/017,2014-02-11,7,10,24,25,27,29,19,11542330
14/018,2014-02-13,19,23,25,40,46,49,30,0
14/019,2014-02-15,2,14,30,32,36,45,11,20075790
14/020,2014-02-18,15,21,23,25,34,45,35,8000000
14/021,2014-02-20,3,5,24,26,31,40,45,0
14/022,2014-02-22,2,23,24,29,33,35,14,0
14/023,2014-02-25,8,26,39,40,41,43,5,0
14/024,2014-02-27,5,9,15,24,28,35,44,0
14/025,2014-03-02,11,16,19,21,38,46,34,0
14/026,2014-03-04,3,13,16,19,27,33,22,0
14/027,2014-03-06,6,10,20,27,39,46,38,61290980
14/028,2014-03-08,2,3,16,17,24,32,40,0
14/029,2014-03-11,4,6,15,28,30,33,27,0
14/030,2014-03-13,7,10,17,19,20,22,30,0
14/031,2014-03-15,2,15,21,24,29,46,27,24895010
14/032,2014-03-18,2,17,23,35,42,48,27,0
14/033,2014-03-20,1,9,18,25,37,48,14,24047840
14/034,2014-03-22,11,20,21,26,34,49,4,0
14/035,2014-03-25,22,28,35,36,44,45,6,0
14/036,2014-03-27,7,23,35,42,45,49,36,0
14/037,2014-03-29,2,10,12,18,24,33,11,0
14/038,2014-04-01,22,33,36,43,48,49,25,0
14/039,2014-04-03,4,9,25,26,27,28,3,38843580
14/040,2014-04-05,10,19,38,39,44,45,31,0
14/041,2014-04-08,11,24,31,45,46,47,6,15320590
14/042,2014-04-10,4,18,21,31,42,49,25,6996260
14/043,2014-04-12,6,18,20,28,43,45,13,0
14/044,2014-04-15,6,14,16,28,41,45,27,0
14/045,2014-04-17,12,14,17,23,24,45,42,0
14/046,2014-04-19,20,21,32,35,46,47,3,0
14/047,2014-04-22,1,3,12,29,36,41,14,39356150
14/048,2014-04-24,1,17,28,32,39,40,16,0
14/049,2014-04-26,9,12,22,27,36,47,46,0
14/050,2014-04-29,2,8,15,26,37,45,14,17936070
14/051,2014-05-01,1,14,28,29,37,43,30,0
14/052,2014-05-03,2,6,13,16,30,36,25,0
14/053,2014-05-06,10,23,33,36,39,44,30,0
14/054,2014-05-08,2,10,12,30,37,39,48,34202730
14/055,2014-05-11,11,16,26,38,45,49,5,0
14/056,2014-05-13,9,20,22,32,35,41,8,28382030
14/057,2014-05-15,9,12,16,24,34,35,7,0
14/058,2014-05-18,9,12,21,27,37,45,7,6261590
14/059,2014-05-20,10,16,33,34,44,47,6,0
14/060,2014-05-22,9,17,28,31,35,37,19,0
14/061,2014-05-24,2,4,14,30,39,41,49,0
14/062,2014-05-27,3,10,16,30,34,44,1,0
14/063,2014-05-29,4,14,19,24,26,48,35,0
14/064,2014-05-31,2,10,28,32,37,47,31,68368640
14/065,2014-06-02,3,13,19,20,36,39,15,0
14/066,2014-06-04,10,11,25,33,40,46,6,0
14/067,2014-06-07,4,8,13,19,44,48,27,65558410
14/068,2014-06-10,1,30,32,35,37,44,40,0
14/069,2014-06-12,3,18,21,41,44,45,15,0
14/070,2014-06-17,3,4,15,16,23,45,21,35820150
14/071,2014-06-19,3,17,24,30,31,44,7,0
14/072,2014-06-21,2,17,37,40,45,49,48,0
14/073,2014-06-24,18,24,25,30,31,35,36,0
14/074,2014-06-26,2,20,40,42,47,48,28,0
14/075,2014-06-29,15,23,26,38,46,47,21,0
14/076,2014-07-03,14,17,34,37,43,48,20,0
14/077,2014-07-05,10,14,32,36,37,38,47,59412520
14/078,2014-07-08,4,16,22,27,38,39,36,0
14/079,2014-07-10,1,2,9,17,22,25,8,13080600
14/080,2014-07-12,3,11,13,23,40,49,43,0
14/081,2014-07-15,2,5,9,32,41,42,44,0
14/082,2014-07-17,1,20,28,30,42,43,10,0
14/083,2014-07-19,1,9,30,40,41,48,49,0
14/084,2014-07-22,1,3,14,16,24,41,13,50459660
14/085,2014-07-24,4,5,21,31,36,38,14,32928170
14/086,2014-07-26,1,4,15,17,36,42,40,22702840
14/087,2014-07-29,11,13,15,31,37,47,19,8000000
14/088,2014-07-31,12,22,27,35,44,48,38,9131660
14/089,2014-08-02,3,22,23,26,42,48,28,9514470
14/090,2014-08-05,5,7,8,18,24,29,14,8000000
14/091,2014-08-07,5,14,31,32,36,46,11,0
14/092,2014-08-09,1,9,15,31,33,41,37,0
14/093,2014-08-12,7,9,27,31,36,39,32,0
14/094,2014-08-14,4,8,14,23,48,49,11,24484200
14/095,2014-08-16,23,26,27,37,42,46,15,18336530
14/096,2014-08-19,2,5,27,32,42,46,16,0
14/097,2014-08-21,10,14,26,29,30,31,18,0
14/098,2014-08-23,4,12,14,24,32,38,13,0
14/099,2014-08-26,25,29,32,33,37,44,47,0
14/100,2014-08-28,11,17,24,27,31,38,49,38913520
14/101,2014-08-30,15,18,24,27,39,49,6,27144620
14/102,2014-09-02,26,28,37,43,45,47,25,0
14/103,2014-09-04,11,14,34,36,43,46,1,0
14/104,2014-09-09,7,25,27,36,39,42,31,0
14/105,2014-09-13,3,12,40,43,48,49,32,82246250
14/106,2014-09-16,4,15,17,22,34,43,35,0
14/107,2014-09-18,6,16,20,25,27,45,29,0
14/108,2014-09-20,3,16,32,38,40,48,27,0
14/109,2014-09-23,12,13,20,28,41,43,23,0
14/110,2014-09-25,3,19,42,44,48,49,38,0
14/111,2014-09-28,6,10,12,26,28,35,24,8279690
14/112,2014-09-30,10,16,20,39,45,46,47,0
14/113,2014-10-02,4,10,24,29,33,35,7,0
14/114,2014-10-04,5,14,22,24,27,45,8,0
14/115,2014-10-07,12,13,26,33,42,49,48,0
14/116,2014-10-09,2,12,14,23,40,46,39,0
14/117,2014-10-11,26,29,34,35,37,47,8,0
14/118,2014-10-14,1,5,8,17,20,37,33,0
14/119,2014-10-16,4,9,34,39,48,49,18,63807640
14/120,2014-10-18,12,19,22,36,40,47,25,0
14/121,2014-10-21,6,9,17,18,29,34,42,48771010
14/122,2014-10-23,11,14,28,29,37,41,19,0
14/123,2014-10-25,1,13,39,40,41,43,18,39883260
14/124,2014-10-28,16,26,30,37,43,47,31,8000000
14/125,2014-10-30,3,19,29,36,47,49,33,0
14/126,2014-11-01,9,10,11,20,26,44,31,0
14/127,2014-11-04,16,23,29,30,37,38,33,0
14/128,2014-11-06,4,10,12,14,29,48,3,14727540
14/129,2014-11-08,7,8,15,32,34,39,43,0
14/130,2014-11-11,3,5,9,19,48,49,26,10474490
14/131,2014-11-13,21,36,41,42,46,49,6,0
14/132,2014-11-16,7,15,32,33,34,43,10,0
14/133,2014-11-18,2,6,17,24,37,49,46,0
14/134,2014-11-20,8,16,19,33,35,46,12,0
14/135,2014-11-22,2,12,17,27,32,33,44,0
14/136,2014-11-25,6,35,41,42,44,47,19,0
14/137,2014-11-27,2,20,22,30,40,45,44,56474290
14/138,2014-11-29,7,26,29,32,33,37,31,0
14/139,2014-12-02,1,4,13,27,47,49,33,14195900
14/140,2014-12-04,1,8,20,27,33,36,35,0
14/141,2014-12-06,17,18,21,25,40,48,16,0
14/142,2014-12-09,3,4,13,29,31,41,46,22273570
14/143,2014-12-11,1,7,13,32,35,39,31,8000000
14/144,2014-12-13,12,14,17,20,40,48,19,0
14/145,2014-12-16,1,7,14,31,34,42,16,0
14/146,2014-12-18,6,8,10,21,25,29,33,20371440
14/147,2014-12-21,2,25,30,36,37,43,22,0
14/148,2014-12-23,1,4,12,14,35,47,33,0
14/149,2014-12-25,12,19,24,43,46,47,30,19483290
14/150,2014-12-27,14,15,28,31,32,48,40,0
14/151,2014-12-29,1,25,30,33,39,40,7,0
14/152,2014-12-31,10,19,25,32,33,37,27,0
15/001,2015-01-03,8,15,31,35,42,44,39,0
15/002,2015-01-06,3,14,16,18,38,49,29,22725350
15/003,2015-01-08,8,18,19,28,37,44,13,0
15/004,2015-01-11,10,21,24,33,40,47,5,14179430
15/005,2015-01-13,16,21,27,37,40,43,14,0
15/006,2015-01-15,1,2,14,37,43,49,24,0
15/007,2015-01-17,14,15,16,25,27,30,11,0
15/008,2015-01-20,5,7,9,13,15,29,47,28064260
15/009,2015-01-22,8,16,21,30,42,46,32,0
15/010,2015-01-24,17,18,20,26,31,32,6,8319880
15/011,2015-01-27,4,5,10,13,28,35,12,0
15/012,2015-01-29,6,15,25,29,32,46,9,0
15/013,2015-01-31,5,7,14,17,46,47,27,0
15/014,2015-02-03,11,34,36,43,47,49,21,0
15/015,2015-02-05,13,16,17,18,22,45,10,0
15/016,2015-02-08,5,7,17,18,27,48,30,41662010
15/017,2015-02-10,2,17,23,30,34,41,14,0
15/018,2015-02-12,7,9,10,14,22,31,35,35051820
15/019,2015-02-14,2,10,12,21,25,35,26,0
15/020,2015-02-17,14,22,28,33,44,46,25,0
15/021,2015-02-22,15,20,28,29,42,46,35,0
15/022,2015-02-24,17,18,28,32,33,48,37,39879610
15/023,2015-02-26,10,12,20,22,25,33,27,8000000
15/024,2015-02-28,6,9,23,25,41,43,38,0
15/025,2015-03-03,13,17,25,27,46,49,19,17232210
15/026,2015-03-05,2,6,10,20,38,40,46,0
15/027,2015-03-07,6,8,12,16,32,49,37,0
15/028,2015-03-10,1,18,22,27,45,48,25,13685490
15/029,2015-03-12,14,17,23,24,25,37,34,4000000
15/030,2015-03-14,4,21,25,29,32,37,27,8000000
15/031,2015-03-17,1,5,11,23,34,47,14,8000000
15/032,2015-03-19,12,15,17,30,31,43,46,8000000
15/033,2015-03-22,7,26,30,33,34,38,5,0
15/034,2015-03-24,2,5,13,37,42,44,27,0
15/035,2015-03-26,2,6,9,16,39,49,29,13123390
15/036,2015-03-28,6,11,16,29,30,37,34,0
15/037,2015-03-31,2,5,10,27,36,46,7,14392300
15/038,2015-04-02,4,12,20,37,42,47,35,12640270
15/039,2015-04-04,9,12,26,29,44,45,19,0
15/040,2015-04-06,21,24,26,42,43,46,4,0
15/041,2015-04-09,10,11,31,34,37,38,14,20540720
15/042,2015-04-11,6,17,18,19,20,42,25,0
15/043,2015-04-14,30,31,35,40,42,48,6,22914080
15/044,2015-04-16,1,3,5,20,35,39,28,0
15/045,2015-04-18,12,17,29,31,41,47,38,0
15/046,2015-04-21,3,13,20,24,43,48,49,0
15/047,2015-04-23,3,4,7,8,26,36,31,36689860
15/048,2015-04-25,12,19,21,24,36,49,23,0
15/049,2015-04-28,1,8,28,31,36,45,9,0
15/050,2015-04-30,6,8,30,34,36,42,12,43829100
15/051,2015-05-02,7,10,12,16,26,49,40,0
15/052,2015-05-05,11,13,41,42,43,49,29,0
15/053,2015-05-07,3,7,14,21,25,29,6,0
15/054,2015-05-10,2,13,15,38,39,44,8,0
15/055,2015-05-12,3,7,15,25,26,47,10,0
15/056,2015-05-14,5,17,22,34,38,48,2,48719960
15/057,2015-05-17,21,32,36,37,44,46,47,0
15/058,2015-05-19,21,27,28,33,37,48,13,0
15/059,2015-05-21,16,18,19,36,42,47,46,0
15/060,2015-05-23,5,10,13,43,44,45,7,0
15/061,2015-05-26,7,10,15,37,42,45,41,42945680
15/062,2015-05-28,2,7,20,23,44,47,30,28973880
15/063,2015-05-30,9,16,28,36,42,45,2,21484090
15/064,2015-06-02,11,12,15,21,38,42,25,5333330
15/065,2015-06-04,18,24,28,31,39,49,44,0
15/066,2015-06-06,9,11,14,22,27,49,44,12204300
15/067,2015-06-09,7,12,16,17,20,25,31,0
15/068,2015-06-11,10,13,35,38,42,44,27,0
15/069,2015-06-13,10,12,24,25,26,33,23,0
15/070,2015-06-16,13,16,24,26,40,44,42,0
15/071,2015-06-18,4,11,12,24,35,46,3,57974970
15/072,2015-06-20,12,16,31,34,42,48,37,0
15/073,2015-06-23,3,10,26,33,42,46,44,0
15/074,2015-06-25,1,5,26,28,40,49,15,0
15/075,2015-06-28,8,9,18,33,41,43,15,0
15/076,2015-06-30,12,14,21,27,38,43,15,34130560
15/077,2015-07-02,4,11,23,32,44,48,49,0
15/078,2015-07-04,9,24,32,34,43,47,35,0
15/079,2015-07-07,9,19,28,29,38,40,33,39075670
15/080,2015-07-11,2,5,17,22,27,28,37,0
15/081,2015-07-14,7,8,10,13,20,38,5,0
15/082,2015-07-16,16,18,22,23,35,38,25,0
15/083,2015-07-18,13,20,23,24,46,47,39,0
15/084,2015-07-21,4,14,15,19,41,42,10,0
15/085,2015-07-23,10,33,40,43,45,49,38,0
15/086,2015-07-26,4,11,15,26,28,30,13,79746130
15/087,2015-07-28,12,25,32,33,34,35,45,0
15/088,2015-07-30,4,5,11,17,24,48,46,0
15/089,2015-08-01,14,20,28,31,32,47,18,0
15/090,2015-08-04,5,9,13,15,21,23,12,25920360
15/091,2015-08-06,22,23,35,40,41,42,16,0
15/092,2015-08-08,10,12,19,25,42,46,37,0
15/093,2015-08-11,22,26,27,28,36,47,12,33316910
15/094,2015-08-13,1,4,8,21,22,24,46,0
15/095,2015-08-15,2,6,13,25,30,33,20,0
15/096,2015-08-18,7,17,34,41,43,49,1,0
15/097,2015-08-20,4,5,18,23,32,44,6,0
15/098,2015-08-22,2,26,31,32,36,37,12,58071620
15/099,2015-08-25,3,15,16,39,41,42,36,8000000
15/100,2015-08-27,9,13,29,30,39,45,48,0
15/101,2015-08-29,9,22,28,32,37,39,47,16323190
15/102,2015-09-01,5,6,8,10,31,36,17,12417590
15/103,2015-09-03,12,16,34,36,42,45,41,0
15/104,2015-09-05,15,16,20,26,36,40,46,0
15/105,2015-09-08,1,4,13,22,32,41,26,0
15/106,2015-09-10,1,11,13,23,35,36,34,0
15/107,2015-09-12,5,13,21,25,38,40,17,0
15/108,2015-09-15,3,5,17,22,25,27,46,0
15/109,2015-09-17,1,4,9,17,35,41,37,0
15/110,2015-09-22,2,11,12,25,36,43,10,90031310
15/111,2015-09-24,4,10,15,16,24,28,49,0
15/112,2015-09-26,6,15,16,18,37,43,2,0
15/113,2015-09-30,9,10,23,28,37,46,34,25355030
15/114,2015-10-03,8,10,16,30,39,40,6,0
15/115,2015-10-06,2,7,9,22,32,46,26,0
15/116,2015-10-08,8,17,28,34,39,40,14,0
15/117,2015-10-11,4,21,22,35,36,46,40,0
15/118,2015-10-13,1,4,22,30,33,34,26,36835940
15/119,2015-10-15,17,18,26,30,33,34,29,0
15/120,2015-10-17,2,12,19,33,34,48,24,0
15/121,2015-10-19,7,11,15,38,39,46,25,0
15/122,2015-10-21,1,14,16,25,40,48,17,0
15/123,2015-10-24,18,27,28,34,35,45,2,36592660
15/124,2015-10-27,20,22,31,33,39,44,10,0
15/125,2015-10-29,4,5,6,22,31,46,47,20611170
15/126,2015-10-31,4,10,28,37,42,48,8,0
15/127,2015-11-03,7,12,13,25,34,38,15,0
15/128,2015-11-05,5,10,11,25,27,44,7,0
15/129,2015-11-07,6,16,27,34,44,48,1,26249980
15/130,2015-11-10,4,14,28,42,43,47,3,0
15/131,2015-11-12,10,20,24,28,33,45,19,0
15/132,2015-11-15,13,15,24,28,41,45,20,0
15/133,2015-11-17,12,13,31,33,35,47,21,32376390
15/134,2015-11-19,13,15,25,40,41,48,19,0
15/135,2015-11-22,9,20,30,33,38,39,37,0
15/136,2015-11-24,17,21,22,36,41,44,38,0
15/137,2015-11-26,10,17,25,26,39,44,7,0
15/138,2015-11-28,15,21,24,25,28,31,48,34943110
15/139,2015-12-01,8,9,10,22,33,40,28,0
15/140,2015-12-03,4,11,14,41,42,44,10,12596600
15/141,2015-12-05,6,16,19,34,35,46,9,0
15/142,2015-12-08,9,10,25,40,48,49,32,12180010
15/143,2015-12-10,9,24,29,32,34,47,42,8000000
15/144,2015-12-12,16,18,27,35,42,44,33,0
15/145,2015-12-15,18,22,40,41,48,49,42,0
15/146,2015-12-17,18,20,24,36,44,45,39,21007130
15/147,2015-12-20,6,11,16,20,43,45,21,0
15/148,2015-12-22,11,28,36,38,44,48,26,0
15/149,2015-12-24,12,18,20,28,33,47,25,0
15/150,2015-12-26,1,8,33,37,42,47,7,0
15/151,2015-12-29,3,5,20,30,33,38,28,0
15/152,2015-12-31,2,11,12,22,24,25,3,0
16/001,2016-01-02,6,8,11,32,34,41,47,0
16/002,2016-01-05,2,5,7,18,30,45,11,53159400
16/003,2016-01-07,6,9,11,29,43,47,8,0
16/004,2016-01-10,4,8,15,18,30,45,38,0
16/005,2016-01-12,8,13,15,35,44,45,47,0
16/006,2016-01-14,1,2,10,23,32,49,26,30513670
16/007,2016-01-16,1,2,6,37,40,43,24,0
16/008,2016-01-19,8,18,20,25,30,39,13,32356790
16/009,2016-01-21,2,12,33,40,45,47,9,22509740
16/010,2016-01-23,7,8,12,14,23,32,5,8000000
16/011,2016-01-26,5,9,22,26,27,40,13,0
16/012,2016-01-28,8,20,30,34,42,48,36,0
16/013,2016-01-30,1,5,29,32,39,44,4,0
16/014,2016-02-02,18,28,30,33,34,36,2,19497340
16/015,2016-02-04,7,13,15,35,38,45,32,8000000
16/016,2016-02-07,11,13,15,19,21,29,41,8000000
16/017,2016-02-11,3,4,17,30,35,47,10,54916660
16/018,2016-02-13,8,14,24,29,36,43,31,0
16/019,2016-02-16,18,21,22,34,42,43,24,0
16/020,2016-02-18,13,20,38,39,41,45,46,24693930
16/021,2016-02-20,12,20,39,44,47,49,45,0
16/022,2016-02-23,9,15,24,27,44,45,47,0
16/023,2016-02-25,3,6,22,24,45,47,7,0
16/024,2016-02-27,6,9,11,20,27,44,42,29307500
16/025,2016-03-01,11,16,19,21,30,33,31,27218060
16/026,2016-03-03,1,2,5,7,16,45,33,0
16/027,2016-03-05,17,26,29,32,48,49,40,0
16/028,2016-03-08,3,4,16,30,34,39,14,14174240
16/029,2016-03-10,9,14,24,30,33,48,43,0
16/030,2016-03-12,3,23,33,36,41,49,2,0
16/031,2016-03-15,1,6,19,26,28,41,39,0
16/032,2016-03-17,3,8,15,16,17,38,35,9717420
16/033,2016-03-19,23,25,35,39,42,43,14,0
16/034,2016-03-22,5,10,18,24,27,49,39,8048860
16/035,2016-03-24,16,18,21,25,35,46,13,0
16/036,2016-03-26,17,24,38,44,46,47,27,0
16/037,2016-03-29,9,12,13,22,30,31,28,18485350
16/038,2016-04-02,4,6,29,34,36,45,47,0
16/039,2016-04-05,4,10,21,30,35,43,7,0
16/040,2016-04-07,8,21,25,32,34,45,31,30895240
16/041,2016-04-09,3,6,13,38,43,44,31,0
16/042,2016-04-12,21,25,28,33,46,48,10,30011980
16/043,2016-04-14,14,21,25,27,44,46,3,0
16/044,2016-04-17,16,24,28,35,45,46,38,0
16/045,2016-04-19,5,8,30,34,45,48,3,0
16/046,2016-04-21,3,5,14,15,39,41,21,0
16/047,2016-04-23,2,10,16,35,46,47,49,0
16/048,2016-04-26,1,3,25,27,28,45,12,0
16/049,2016-04-30,11,20,28,29,44,49,40,0
16/050,2016-05-05,6,7,12,15,27,36,29,0
16/051,2016-05-10,20,26,28,32,40,45,43,84659780
16/052,2016-05-12,4,12,19,20,27,49,21,0
16/053,2016-05-15,2,11,25,28,36,46,42,13855260
16/054,2016-05-17,1,19,23,24,32,40,35,0
16/055,2016-05-19,2,8,20,24,37,39,18,0
16/056,2016-05-21,6,13,23,25,44,48,11,22833480
16/057,2016-05-24,14,18,33,34,35,46,42,0
16/058,2016-05-26,9,15,36,38,46,48,22,0
16/059,2016-05-28,21,23,32,33,36,42,20,21775340
16/060,2016-05-31,21,24,36,38,39,44,49,8000000
16/061,2016-06-02,3,4,19,24,26,34,38,0
16/062,2016-06-04,8,16,21,32,38,48,11,0
16/063,2016-06-06,2,5,8,12,20,49,47,0
16/064,2016-06-08,4,13,34,36,42,48,19,0
16/065,2016-06-11,10,14,23,29,40,42,11,0
16/066,2016-06-14,13,15,30,36,44,49,37,0
16/067,2016-06-16,19,22,27,29,45,48,4,26446460
16/068,2016-06-18,4,5,8,12,34,37,24,0
16/069,2016-06-21,9,10,20,21,38,39,49,0
16/070,2016-06-23,6,9,21,35,48,49,29,0
16/071,2016-06-25,10,15,22,38,42,43,18,23796070
16/072,2016-06-28,7,13,23,30,32,48,36,0
16/073,2016-06-30,2,5,6,7,16,29,35,22324120
16/074,2016-07-02,2,8,16,32,33,37,5,0
16/075,2016-07-05,1,6,13,17,34,44,38,0
16/076,2016-07-07,13,14,21,31,38,44,22,0
16/077,2016-07-09,7,19,20,28,30,31,29,0
16/078,2016-07-12,12,20,31,32,35,45,18,36859760
16/079,2016-07-14,16,21,30,36,38,47,48,0
16/080,2016-07-16,1,2,7,16,24,34,36,0
16/081,2016-07-19,7,21,27,33,46,47,4,0
16/082,2016-07-22,10,11,22,41,44,46,35,107893900
16/083,2016-07-24,11,18,26,31,39,44,24,68372410
16/084,2016-07-26,3,14,17,21,28,49,12,0
16/085,2016-07-28,12,20,24,35,39,47,15,16042160
16/086,2016-07-30,9,21,29,33,35,48,28,15741020
16/087,2016-08-02,7,11,12,19,21,39,49,0
16/088,2016-08-04,10,16,34,41,45,47,7,14233140
16/089,2016-08-06,2,17,23,32,36,40,3,8000000
16/090,2016-08-09,5,9,13,22,34,39,40,0
16/091,2016-08-11,10,11,19,23,30,38,13,0
16/092,2016-08-13,3,4,11,23,44,47,24,0
16/093,2016-08-16,5,12,14,20,27,46,26,0
16/094,2016-08-18,3,17,20,22,45,46,30,0
16/095,2016-08-20,2,3,15,28,46,48,33,0
16/096,2016-08-23,14,16,24,25,43,44,3,55846660
16/097,2016-08-25,4,20,34,35,40,47,3,36248280
16/098,2016-08-27,3,6,13,24,37,43,30,0
16/099,2016-08-30,14,20,21,31,34,42,25,14445740
16/100,2016-09-01,8,11,13,30,34,49,2,0
16/101,2016-09-04,8,25,26,28,38,43,22,18604190
16/102,2016-09-06,11,15,33,41,43,48,27,0
16/103,2016-09-08,3,4,5,26,45,48,14,0
16/104,2016-09-10,7,16,32,37,38,46,22,0
16/105,2016-09-13,1,13,19,21,38,49,23,55625480
16/106,2016-09-15,24,25,34,35,44,49,30,0
16/107,2016-09-17,3,18,21,25,31,42,26,0
16/108,2016-09-20,4,16,19,27,41,44,25,20720150
16/109,2016-09-22,5,30,38,43,44,47,14,0
16/110,2016-09-24,1,17,20,34,43,44,42,26170670
16/111,2016-09-27,12,16,19,23,28,32,27,0
16/112,2016-09-29,14,20,28,33,41,48,40,0
16/113,2016-10-02,7,8,21,22,34,46,6,0
16/114,2016-10-04,2,6,10,28,38,40,30,25918710
16/115,2016-10-06,5,11,13,19,33,48,34,0
16/116,2016-10-09,12,26,28,36,45,49,9,25102070
16/117,2016-10-11,16,19,24,28,36,42,13,0
16/118,2016-10-13,2,9,16,27,32,40,46,0
16/119,2016-10-15,7,12,18,27,28,40,10,0
16/120,2016-10-18,8,27,28,30,38,41,12,23998200
16/121,2016-10-20,2,4,7,15,28,45,19,0
16/122,2016-10-22,3,12,13,20,33,43,35,0
16/123,2016-10-25,7,8,12,17,22,29,14,30026600
16/124,2016-10-27,8,16,17,34,35,44,41,0
16/125,2016-10-29,22,26,32,38,43,47,42,0
16/126,2016-11-01,1,2,21,31,33,36,8,0
16/127,2016-11-03,6,14,18,22,30,38,47,0
16/128,2016-11-05,9,12,31,39,42,46,48,0
16/129,2016-11-08,3,5,6,11,34,42,28,28255500
16/130,2016-11-10,3,17,38,39,46,49,37,0
16/131,2016-11-13,2,16,27,29,34,41,42,0
16/132,2016-11-15,10,15,17,18,27,40,26,0
16/133,2016-11-17,5,18,26,28,30,45,33,0
16/134,2016-11-19,2,6,23,24,37,42,32,0
16/135,2016-11-22,12,13,16,18,38,40,5,0
16/136,2016-11-24,3,9,24,31,38,49,41,0
16/137,2016-11-26,1,2,3,4,7,10,33,2815140
16/138,2016-11-29,4,11,18,22,24,49,25,8000000
16/139,2016-12-01,9,15,18,21,24,37,16,0
16/140,2016-12-03,8,13,23,30,47,48,7,0
16/141,2016-12-06,3,7,17,29,32,49,11,18838130
16/142,2016-12-08,9,24,26,28,37,39,29,14952940
16/143,2016-12-10,7,22,32,33,34,39,45,0
16/144,2016-12-13,7,14,26,31,38,44,37,15276750
16/145,2016-12-15,15,19,20,32,33,34,23,13476990
16/146,2016-12-18,3,10,21,26,28,38,29,0
16/147,2016-12-20,5,28,32,34,37,48,39,0
16/148,2016-12-23,4,14,16,25,32,35,47,27442250
16/149,2016-12-25,3,4,10,26,37,43,41,0
16/150,2016-12-29,2,11,13,15,17,21,26,0
16/151,2016-12-31,8,9,12,15,17,28,33,11582010
17/001,2017-01-03,4,11,22,29,37,46,18,30252220
17/002,2017-01-05,5,14,20,21,36,49,39,0
17/003,2017-01-07,7,10,14,29,45,46,19,0
17/004,2017-01-10,2,7,14,26,38,39,12,22855160
17/005,2017-01-12,18,25,27,30,40,43,6,0
17/006,2017-01-15,1,6,22,37,44,48,35,16516210
17/007,2017-01-17,26,27,28,36,42,47,33,0
17/008,2017-01-19,1,2,13,23,35,43,18,13724920
17/009,2017-01-21,8,27,28,37,38,49,33,0
17/010,2017-01-24,2,5,23,27,36,43,20,0
17/011,2017-01-26,13,24,28,29,31,44,10,25496990
17/012,2017-01-28,8,15,25,30,34,40,42,0
17/013,2017-02-01,13,14,18,23,29,35,45,35772980
17/014,2017-02-04,7,14,25,28,33,40,26,8000000
17/015,2017-02-07,6,11,22,25,32,33,24,0
17/016,2017-02-09,3,12,13,19,24,45,40,6965180
17/017,2017-02-12,7,21,26,30,38,47,15,0
17/018,2017-02-14,14,16,21,28,43,46,26,0
17/019,2017-02-16,5,8,23,34,41,44,7,0
17/020,2017-02-18,5,8,12,17,20,37,45,0
17/021,2017-02-21,1,7,13,29,32,44,20,0
17/022,2017-02-23,13,15,16,32,34,46,10,0
17/023,2017-02-25,4,12,19,20,25,26,8,0
17/024,2017-02-28,15,20,24,34,42,44,7,75969490
17/025,2017-03-02,6,13,31,42,43,45,34,0
17/026,2017-03-04,10,18,22,23,29,32,45,0
17/027,2017-03-07,2,14,18,19,40,43,42,0
17/028,2017-03-09,17,19,25,35,41,44,26,0
17/029,2017-03-11,1,4,20,27,32,39,15,0
17/030,2017-03-14,2,32,33,35,36,44,48,54978560
17/031,2017-03-16,1,2,11,19,40,48,4,0
17/032,2017-03-18,2,13,17,23,30,46,8,44284630
17/033,2017-03-21,8,12,20,25,37,46,2,0
17/034,2017-03-23,5,14,17,33,41,47,16,0
17/035,2017-03-25,9,10,23,30,38,48,16,0
17/036,2017-03-28,2,9,21,35,36,40,44,0
17/037,2017-03-30,18,19,21,30,38,48,7,0
17/038,2017-04-01,7,17,20,34,36,44,23,47474300
17/039,2017-04-04,3,9,19,33,40,41,26,0
17/040,2017-04-06,4,21,24,39,45,46,40,0
17/041,2017-04-08,2,11,14,20,27,30,19,0
17/042,2017-04-11,14,17,22,29,30,31,38,0
17/043,2017-04-13,4,10,25,26,38,49,34,0
17/044,2017-04-15,1,4,5,29,33,44,39,0
17/045,2017-04-18,4,10,11,18,29,38,28,0
17/046,2017-04-22,1,9,11,23,29,34,6,32026120
17/047,2017-04-25,1,21,22,45,46,49,14,0
17/048,2017-04-27,16,17,21,42,48,49,37,0
17/049,2017-04-29,5,8,14,22,31,48,33,20574610
17/050,2017-05-02,1,20,22,27,31,41,2,0
17/051,2017-05-04,4,17,21,32,36,46,27,15773210
17/052,2017-05-06,1,3,9,13,34,35,27,8000000
17/053,2017-05-09,6,22,23,31,36,45,12,0
17/054,2017-05-11,9,16,22,38,40,46,11,0
17/055,2017-05-14,1,7,12,18,27,33,20,10203960
17/056,2017-05-16,1,5,7,9,10,15,3,2000000
17/057,2017-05-18,7,11,20,28,41,49,32,8000000
17/058,2017-05-20,2,3,17,34,38,48,14,0
17/059,2017-05-23,7,13,17,23,29,46,49,13625680
17/060,2017-05-25,23,26,27,39,40,48,7,0
17/061,2017-05-27,5,7,18,22,33,43,27,0
17/062,2017-05-30,14,18,27,32,37,38,1,16389320
17/063,2017-06-01,4,18,23,28,36,45,33,0
17/064,2017-06-03,11,15,24,25,33,40,42,0
17/065,2017-06-06,8,24,26,30,47,49,35,0
17/066,2017-06-08,8,11,15,23,24,29,6,0
17/067,2017-06-10,1,13,18,23,30,44,42,0
17/068,2017-06-13,21,23,27,34,46,49,44,0
17/069,2017-06-15,1,2,5,12,18,19,44,15617750
17/070,2017-06-17,9,34,39,42,46,49,32,0
17/071,2017-06-20,15,18,20,25,35,45,34,0
17/072,2017-06-22,18,20,21,27,31,49,45,0
17/073,2017-06-24,3,28,30,32,37,42,11,0
17/074,2017-06-27,12,24,30,40,44,48,8,41734010
17/075,2017-06-29,11,16,26,27,29,37,19,8000000
17/076,2017-07-02,4,9,27,33,39,42,35,8000000
17/077,2017-07-04,2,5,15,26,27,38,18,0
17/078,2017-07-06,2,6,7,8,10,30,28,0
17/079,2017-07-08,3,8,11,21,36,48,37,0
17/080,2017-07-11,1,11,20,22,43,45,35,21404610
17/081,2017-07-13,4,5,25,27,29,41,18,0
17/082,2017-07-15,29,34,35,42,43,48,26,0
17/083,2017-07-18,6,14,32,33,40,46,10,54696480
17/084,2017-07-20,5,9,12,25,26,34,21,8000000
17/085,2017-07-22,4,6,27,36,47,49,3,0
17/086,2017-07-25,8,9,15,33,37,47,1,0
17/087,2017-07-27,3,4,31,37,42,44,40,0
17/088,2017-07-30,11,15,25,30,37,43,17,0
17/089,2017-08-01,10,25,26,32,36,37,46,0
17/090,2017-08-03,6,18,22,24,35,40,36,0
17/091,2017-08-05,14,25,32,35,39,48,31,59265560
17/092,2017-08-08,8,10,25,28,33,37,7,24163490
17/093,2017-08-10,18,22,25,32,33,42,29,8000000
17/094,2017-08-12,3,4,15,25,38,45,28,0
17/095,2017-08-15,3,4,7,19,20,23,27,0
17/096,2017-08-17,5,21,24,29,43,44,42,21020940
17/097,2017-08-19,2,23,32,34,43,45,22,10869860
17/098,2017-08-22,4,23,24,33,40,43,15,8000000
17/099,2017-08-24,4,7,10,21,28,47,17,8000000
17/100,2017-08-26,16,34,35,36,40,46,31,0
17/101,2017-08-29,12,24,26,34,44,48,4,0
17/102,2017-08-31,12,17,18,25,33,37,29,0
17/103,2017-09-02,1,5,11,23,24,27,15,22577500
17/104,2017-09-05,1,2,8,30,39,43,19,0
17/105,2017-09-07,10,19,27,29,41,46,17,0
17/106,2017-09-09,4,7,18,23,29,39,49,0
17/107,2017-09-12,21,23,30,38,44,49,37,0
17/108,2017-09-14,25,26,34,41,42,49,1,0
17/109,2017-09-17,3,12,16,23,36,47,33,44795760
17/110,2017-09-19,7,11,12,30,34,36,17,0
17/111,2017-09-21,1,3,4,5,32,39,10,0
17/112,2017-09-23,1,13,22,25,30,36,4,0
17/113,2017-09-26,2,10,19,27,31,33,16,0
17/114,2017-09-28,7,18,24,26,39,45,44,86837630
17/115,2017-09-30,2,11,19,20,33,49,6,0
17/116,2017-10-02,1,8,19,22,35,46,30,0
17/117,2017-10-04,10,16,22,23,26,46,25,0
17/118,2017-10-07,3,6,24,38,45,48,5,0
17/119,2017-10-10,6,17,22,26,32,45,24,0
17/120,2017-10-12,1,6,8,11,12,16,41,17493650
17/121,2017-10-17,2,4,19,30,35,47,25,8000000
17/122,2017-10-19,8,12,19,24,28,49,37,0
17/123,2017-10-21,8,16,18,30,43,45,27,0
17/124,2017-10-24,1,8,9,16,29,42,49,0
17/125,2017-10-26,4,5,20,29,35,38,36,13510260
17/126,2017-10-28,7,16,18,22,26,44,9,0
17/127,2017-10-31,21,26,29,35,45,49,41,29141590
17/128,2017-11-02,5,18,20,32,36,40,7,0
17/129,2017-11-04,23,30,32,33,43,44,28,13039520
17/130,2017-11-07,3,18,19,35,38,40,48,0
17/131,2017-11-09,3,32,36,46,48,49,29,0
17/132,2017-11-12,12,16,22,28,36,37,45,22219080
17/133,2017-11-14,1,15,20,28,33,43,18,0
17/134,2017-11-16,3,8,20,34,40,46,24,0
17/135,2017-11-18,19,24,26,30,36,41,43,0
17/136,2017-11-21,8,27,30,35,36,43,31,0
17/137,2017-11-23,3,4,30,37,39,42,32,0
17/138,2017-11-25,5,13,16,28,40,41,2,53133200
17/139,2017-11-28,6,8,9,23,36,40,19,8000000
17/140,2017-11-30,4,10,32,35,38,47,49,0
17/141,2017-12-02,7,14,19,27,28,38,46,0
17/142,2017-12-05,7,9,14,18,20,44,29,0
17/143,2017-12-07,1,25,34,37,39,47,18,0
17/144,2017-12-09,22,24,29,35,38,48,30,0
17/145,2017-12-12,4,15,29,34,38,48,30,0
17/146,2017-12-14,7,10,20,25,34,35,8,0
17/147,2017-12-16,1,3,6,9,24,28,36,15334100
17/148,2017-12-19,3,9,33,38,44,49,24,0
17/149,2017-12-21,14,21,22,28,30,47,3,0
17/150,2017-12-24,1,16,26,34,39,47,11,21996370
17/151,2017-12-26,2,7,16,28,30,37,12,0
17/152,2017-12-28,15,17,23,40,44,46,11,0
17/153,2017-12-30,1,13,22,25,36,38,37,0
18/001,2018-01-02,12,18,28,35,39,42,36,0
18/002,2018-01-06,1,12,21,31,36,49,23,0
18/003,2018-01-11,3,29,31,43,47,49,19,133929720
18/004,2018-01-16,2,21,27,30,36,37,4,95877600
18/005,2018-01-20,2,5,23,24,27,34,8,65555960
18/006,2018-01-23,3,20,27,32,37,41,44,8000000
18/007,2018-01-25,3,14,23,36,40,47,20,0
18/008,2018-01-27,8,17,26,33,43,45,40,0
18/009,2018-01-30,4,7,11,12,40,49,25,0
18/010,2018-02-01,20,23,26,29,47,49,39,0
18/011,2018-02-03,2,4,12,25,40,49,8,0
18/012,2018-02-06,3,19,26,28,35,48,32,30183640
18/013,2018-02-08,13,16,22,28,37,41,34,0
18/014,2018-02-11,1,2,9,27,33,45,38,13798280
18/015,2018-02-13,2,9,18,27,32,42,12,0
18/016,2018-02-15,1,19,21,32,43,45,34,0
18/017,2018-02-20,3,5,25,42,43,44,2,66777930
18/018,2018-02-22,4,12,19,20,30,39,5,0
18/019,2018-02-24,17,20,34,38,42,45,5,0
18/020,2018-02-27,13,24,28,31,41,43,16,22968230
18/021,2018-03-01,2,14,15,17,18,29,1,0
18/022,2018-03-04,6,10,11,23,28,43,21,24530570
18/023,2018-03-06,2,11,17,19,35,37,20,0
18/024,2018-03-08,1,6,30,43,44,48,7,0
18/025,2018-03-10,7,18,19,26,27,39,2,20312760
18/026,2018-03-13,5,16,20,25,34,42,2,0
18/027,2018-03-15,13,16,25,35,38,49,33,0
18/028,2018-03-17,4,6,23,33,40,47,30,0
18/029,2018-03-20,3,22,27,29,42,45,10,0
18/030,2018-03-22,10,18,21,29,33,46,36,0
18/031,2018-03-24,12,19,23,28,35,45,6,0
18/032,2018-03-29,5,12,24,27,30,47,43,32686570
18/033,2018-03-31,9,13,16,18,19,34,21,0
18/034,2018-04-03,21,29,31,41,46,49,36,0
18/035,2018-04-05,19,24,29,39,40,42,30,20929530
18/036,2018-04-07,4,20,23,27,31,43,3,0
18/037,2018-04-10,1,15,23,34,43,48,25,0
18/038,2018-04-12,1,2,9,11,37,41,18,0
18/039,2018-04-14,12,14,15,36,38,40,42,0
18/040,2018-04-17,3,8,16,22,28,32,24,47483090
18/041,2018-04-19,20,21,33,40,45,49,43,32329980
18/042,2018-04-22,10,14,28,30,42,44,35,8000000
18/043,2018-04-24,12,20,21,28,33,41,9,0
18/044,2018-04-26,8,12,20,33,35,45,42,0
18/045,2018-04-28,2,15,17,18,21,44,14,0
18/046,2018-05-01,1,5,10,20,21,25,43,0
18/047,2018-05-03,12,24,30,31,32,34,41,34037480
18/048,2018-05-05,3,24,40,44,45,49,8,8000000
18/049,2018-05-08,3,14,18,28,31,40,38,8000000
18/050,2018-05-10,12,19,25,31,36,49,11,0
18/051,2018-05-13,1,6,9,19,21,23,43,4279170
18/052,2018-05-15,5,8,9,19,32,44,39,8000000
18/053,2018-05-17,3,16,23,30,43,46,26,0
18/054,2018-05-19,14,23,29,36,37,47,25,0
18/055,2018-05-22,7,12,14,22,31,33,38,0
18/056,2018-05-24,4,5,7,11,12,13,18,3722560
18/057,2018-05-26,1,12,22,40,42,44,28,0
18/058,2018-05-29,3,6,11,22,45,46,1,0
18/059,2018-05-31,3,5,28,33,40,49,32,19705620
18/060,2018-06-02,4,15,30,33,38,41,16,0
18/061,2018-06-05,6,10,24,34,40,45,9,0
18/062,2018-06-07,5,32,34,36,38,43,25,22308460
18/063,2018-06-09,11,23,35,41,46,49,47,0
18/064,2018-06-12,30,31,34,40,41,42,33,0
18/065,2018-06-14,2,10,24,28,35,39,27,20389220
18/066,2018-06-17,1,7,20,21,35,48,22,8000000
18/067,2018-06-19,2,7,21,31,33,42,24,0
18/068,2018-06-21,16,23,24,31,33,34,18,15061670
18/069,2018-06-23,2,9,16,18,24,46,47,8000000
18/070,2018-06-26,7,8,12,17,33,42,26,0
18/071,2018-06-28,6,13,23,29,38,45,41,0
18/072,2018-06-30,5,6,16,18,30,32,27,0
18/073,2018-07-03,3,21,22,41,45,49,10,0
18/074,2018-07-05,1,13,20,34,38,40,29,17198000
18/075,2018-07-07,8,17,20,26,40,46,19,0
18/076,2018-07-10,6,8,29,38,41,49,2,0
18/077,2018-07-12,1,5,7,8,30,33,22,0
18/078,2018-07-14,7,13,22,27,33,36,45,0
18/079,2018-07-17,6,10,32,36,41,48,47,82939250
18/080,2018-07-19,12,16,23,25,40,42,20,0
18/081,2018-07-21,13,14,15,37,38,44,40,0
18/082,2018-07-24,2,16,17,27,32,37,12,21063850
18/083,2018-07-26,22,32,37,44,46,49,38,0
18/084,2018-07-28,5,7,11,26,30,43,17,25797520
18/085,2018-07-31,24,27,36,43,44,46,30,0
18/086,2018-08-02,3,5,11,34,35,45,28,0
18/087,2018-08-04,4,15,23,34,37,48,30,0
18/088,2018-08-07,4,21,25,39,46,47,12,0
18/089,2018-08-09,8,10,11,20,21,34,13,0
18/090,2018-08-11,1,11,25,38,47,49,37,51333300
18/091,2018-08-14,32,37,38,42,43,49,24,0
18/092,2018-08-16,9,13,16,27,29,41,37,9202840
18/093,2018-08-18,2,14,24,37,42,47,20,0
18/094,2018-08-21,3,10,18,28,40,47,4,0
18/095,2018-08-23,12,14,22,30,38,44,34,22621950
18/096,2018-08-25,3,4,19,28,31,48,27,17372290
18/097,2018-08-28,9,18,26,30,36,46,2,0
18/098,2018-08-30,4,15,21,23,44,46,13,0
18/099,2018-09-01,10,13,20,26,35,45,37,0
18/100,2018-09-04,4,5,33,36,44,47,13,0
18/101,2018-09-06,17,26,30,33,38,49,47,0
18/102,2018-09-08,7,9,12,18,41,46,33,0
18/103,2018-09-11,31,36,38,45,47,49,37,41665410
18/104,2018-09-13,14,20,22,39,41,48,35,0
18/105,2018-09-15,4,6,11,33,37,48,41,0
18/106,2018-09-18,9,11,18,23,32,48,26,19088920
18/107,2018-09-20,5,6,17,26,40,41,46,41457630
18/108,2018-09-23,2,13,21,23,32,40,30,0
18/109,2018-09-25,5,14,20,22,24,48,4,0
18/110,2018-09-27,14,17,30,46,48,49,36,0
18/111,2018-09-29,9,31,34,35,37,38,16,29648760
18/112,2018-10-02,13,18,23,28,33,49,19,8000000
18/113,2018-10-04,13,19,34,35,45,46,27,0
18/114,2018-10-06,2,10,35,39,44,49,8,0
18/115,2018-10-09,7,9,18,27,44,45,15,0
18/116,2018-10-11,7,9,19,29,39,42,41,10274390
18/117,2018-10-14,8,14,21,24,34,43,1,0
18/118,2018-10-16,7,11,19,32,45,46,37,0
18/119,2018-10-20,10,13,22,25,40,42,5,0
18/120,2018-10-23,6,17,20,34,36,44,15,32435310
18/121,2018-10-25,6,13,20,25,27,29,21,0
18/122,2018-10-27,1,5,15,39,45,47,43,0
18/123,2018-10-30,4,7,10,22,34,42,38,77995180
18/124,2018-11-01,9,13,15,16,20,32,12,0
18/125,2018-11-03,4,19,24,38,39,44,46,0
18/126,2018-11-06,1,8,22,23,46,47,12,0
18/127,2018-11-08,9,16,22,24,40,47,17,33142540
18/128,2018-11-11,6,24,26,36,44,49,8,0
18/129,2018-11-13,8,22,30,34,35,37,29,0
18/130,2018-11-15,2,10,29,32,40,41,44,11485480
18/131,2018-11-17,5,9,12,14,42,43,45,8000000
18/132,2018-11-20,4,12,14,17,29,35,38,0
18/133,2018-11-22,15,16,18,22,26,48,34,0
18/134,2018-11-24,3,8,13,25,30,34,32,0
18/135,2018-11-27,7,8,15,27,29,38,39,0
18/136,2018-11-29,14,25,31,34,36,43,35,0
18/137,2018-12-01,2,20,29,32,38,39,47,0
18/138,2018-12-04,8,11,14,20,22,31,19,0
18/139,2018-12-06,8,20,32,40,44,46,34,68983460
18/140,2018-12-08,20,27,29,40,45,48,43,0
18/141,2018-12-11,7,8,10,20,33,42,22,13401630
18/142,2018-12-13,1,15,21,23,24,33,39,0
18/143,2018-12-15,5,10,30,33,36,37,22,0
18/144,2018-12-18,1,10,11,13,30,33,45,13029820
18/145,2018-12-20,4,7,8,12,13,26,42,8000000
18/146,2018-12-22,7,20,33,46,48,49,4,0
18/147,2018-12-25,2,14,16,32,41,47,23,0
18/148,2018-12-27,1,4,17,22,23,35,37,0
18/149,2018-12-30,6,7,13,33,35,46,43,0
19/001,2019-01-03,8,23,25,30,32,45,24,56073510
19/002,2019-01-05,12,13,16,19,23,45,2,0
19/003,2019-01-08,4,5,12,23,30,40,10,0
19/004,2019-01-10,6,7,28,31,36,43,23,19705660
19/005,2019-01-13,10,18,35,37,48,49,27,16750570
19/006,2019-01-15,10,16,17,33,44,48,7,0
19/007,2019-01-17,16,18,28,35,36,41,37,0
19/008,2019-01-19,13,24,31,34,44,47,8,11627890
19/009,2019-01-22,3,19,25,30,33,48,44,0
19/010,2019-01-24,11,18,33,41,43,46,36,0
19/011,2019-01-26,14,27,29,41,45,46,21,0
19/012,2019-01-29,3,10,14,24,32,45,29,0
19/013,2019-01-31,18,22,26,31,33,41,27,0
19/014,2019-02-03,5,6,13,19,34,35,39,57113160
19/015,2019-02-06,2,4,11,15,19,29,1,0
19/016,2019-02-09,1,19,29,34,39,49,43,16661140
19/017,2019-02-12,9,17,26,31,32,40,27,8000000
19/018,2019-02-14,5,8,16,20,43,46,11,0
19/019,2019-02-16,3,7,8,17,19,23,12,0
19/020,2019-02-19,2,5,8,13,16,33,41,9456870
19/021,2019-02-21,16,29,36,39,42,49,34,8000000
19/022,2019-02-23,13,14,15,21,33,49,1,0
19/023,2019-02-26,9,12,13,19,21,46,15,0
19/024,2019-02-28,22,24,25,30,32,43,11,22009110
19/025,2019-03-03,21,24,26,35,44,47,8,0
19/026,2019-03-05,10,16,28,32,34,49,45,14621280
19/027,2019-03-07,8,15,17,23,39,44,40,8000000
19/028,2019-03-09,13,32,34,35,41,46,30,0
19/029,2019-03-12,6,21,27,33,38,47,46,0
19/030,2019-03-14,4,10,25,28,40,43,39,23215520
19/031,2019-03-16,5,9,12,23,31,43,29,0
19/032,2019-03-19,4,18,23,38,40,46,15,15756940
19/033,2019-03-21,7,12,22,32,37,45,47,0
19/034,2019-03-23,10,11,15,39,46,49,21,0
19/035,2019-03-26,2,3,10,21,31,35,11,26735420
19/036,2019-03-28,3,5,17,23,41,44,40,0
19/037,2019-03-30,15,17,18,37,39,49,31,0
19/038,2019-04-02,6,10,15,21,24,28,49,18427630
19/039,2019-04-04,29,34,38,42,44,47,36,0
19/040,2019-04-06,8,21,34,37,41,45,49,0
19/041,2019-04-09,3,14,17,23,32,43,36,0
19/042,2019-04-11,6,18,32,38,41,45,33,0
19/043,2019-04-13,3,15,22,35,40,49,39,0
19/044,2019-04-16,11,20,30,32,33,43,34,0
19/045,2019-04-20,28,30,32,37,39,47,23,112099610
19/046,2019-04-25,11,13,18,21,28,34,19,50106390
19/047,2019-04-27,2,8,14,21,32,35,4,0
19/048,2019-04-30,1,29,32,43,45,49,5,0
19/049,2019-05-02,1,6,19,23,45,47,49,0
19/050,2019-05-04,6,13,19,20,24,35,43,0
19/051,2019-05-07,6,12,35,39,42,44,22,0
19/052,2019-05-09,3,4,5,24,29,32,2,0
19/053,2019-05-14,10,12,14,30,37,41,5,72889260
19/054,2019-05-16,1,4,7,23,37,38,34,0
19/055,2019-05-19,1,2,9,16,30,41,35,0
19/056,2019-05-21,4,7,21,24,35,41,18,0
19/057,2019-05-23,11,13,14,17,33,43,27,29224510
19/058,2019-05-25,12,14,23,30,40,48,1,0
19/059,2019-05-28,22,29,37,42,45,49,47,13994300
19/060,2019-05-30,12,15,16,31,36,46,3,0
19/061,2019-06-01,3,13,19,23,35,43,26,0
19/062,2019-06-04,16,21,24,28,37,40,48,0
19/063,2019-06-06,6,13,21,24,32,47,38,0
19/064,2019-06-09,3,8,24,27,28,49,44,39440730
19/065,2019-06-11,8,19,20,21,25,37,13,26687540
19/066,2019-06-13,3,6,21,31,33,38,45,0
19/067,2019-06-15,7,8,17,30,42,44,24,0
19/068,2019-06-18,18,23,26,29,35,48,36,0
19/069,2019-06-20,9,11,15,21,25,33,46,41311520
19/070,2019-06-22,13,29,30,33,43,47,16,0
19/071,2019-06-25,23,25,29,32,40,46,13,0
19/072,2019-06-27,12,20,33,42,46,47,27,0
19/073,2019-06-29,9,13,22,29,31,46,45,0
19/074,2019-07-02,13,14,15,42,45,48,2,69037880
19/075,2019-07-04,1,2,12,15,24,44,14,0
19/076,2019-07-06,7,8,10,11,28,42,29,11600520
19/077,2019-07-09,3,5,20,31,39,42,25,0
19/078,2019-07-11,3,6,26,27,32,49,29,0
19/079,2019-07-13,12,14,32,35,38,46,16,0
19/080,2019-07-16,6,16,22,28,37,45,13,0
19/081,2019-07-18,2,4,8,11,17,31,19,23564150
19/082,2019-07-20,26,27,30,33,44,47,37,0
19/083,2019-07-23,14,19,25,38,39,42,46,0
19/084,2019-07-25,7,10,11,16,18,35,43,78328720
19/085,2019-07-27,4,14,19,24,39,45,8,48857920
19/086,2019-07-30,3,16,19,22,41,44,29,0
19/087,2019-08-01,13,18,20,21,43,49,30,13243290
19/088,2019-08-03,23,24,27,28,37,43,16,0
19/089,2019-08-06,5,6,15,21,22,37,36,0
19/090,2019-08-08,8,9,19,25,30,44,37,0
19/091,2019-08-10,15,22,42,44,48,49,6,0
19/092,2019-08-13,10,14,16,29,30,43,11,44214550
19/093,2019-08-15,2,13,23,35,38,46,17,28896420
19/094,2019-08-17,4,9,20,26,32,44,11,20469990
19/095,2019-08-20,12,15,16,23,32,35,2,0
19/096,2019-08-22,1,4,5,6,42,43,8,0
19/097,2019-08-24,1,10,21,31,47,49,13,17193110
19/098,2019-08-27,6,18,29,33,43,46,16,0
19/099,2019-08-29,8,24,26,37,38,44,18,0
19/100,2019-08-31,1,6,14,24,32,44,5,0
19/101,2019-09-03,2,8,17,24,27,39,10,0
19/102,2019-09-05,3,4,18,29,41,44,39,38053270
19/103,2019-09-07,7,8,12,25,43,45,13,0
19/104,2019-09-10,11,12,13,28,43,49,47,81486160
19/105,2019-09-12,5,23,24,25,31,33,7,51826970
19/106,2019-09-14,1,4,7,12,19,28,43,3200000
19/107,2019-09-17,12,20,22,26,30,36,2,0
19/108,2019-09-19,8,17,34,39,42,44,7,9528260
19/109,2019-09-22,3,28,39,40,42,44,37,0
19/110,2019-09-24,6,17,44,45,46,49,41,0
19/111,2019-09-26,2,3,11,20,27,46,4,0
19/112,2019-09-29,2,3,7,10,18,48,33,0
19/113,2019-10-03,1,12,13,15,19,45,44,0
19/114,2019-10-08,13,23,35,36,43,47,16,0
19/115,2019-10-13,10,16,27,29,37,42,44,0
19/116,2019-10-17,14,18,19,21,45,47,49,42731540
19/117,2019-10-19,1,6,19,22,42,44,25,0
19/118,2019-10-22,1,6,11,31,41,47,32,0
19/119,2019-10-24,7,10,16,23,27,34,24,20697800
19/120,2019-10-26,1,17,24,30,40,49,48,16070680
19/121,2019-10-29,2,10,13,19,20,24,17,0
19/122,2019-11-02,13,15,25,30,40,46,26,0
19/123,2019-11-07,7,20,30,33,34,44,46,45319750
19/124,2019-11-10,6,17,18,23,31,46,44,0
19/125,2019-11-14,2,3,13,18,31,49,14,0
19/126,2019-11-16,10,23,28,39,44,47,13,21952950
19/127,2019-11-19,1,4,12,13,24,42,48,0
19/128,2019-11-21,3,4,5,10,35,38,7,0
19/129,2019-11-24,1,20,28,30,35,46,15,0
19/130,2019-11-26,5,9,15,25,42,45,38,0
19/131,2019-11-28,22,23,29,36,41,44,2,47109760
19/132,2019-11-30,1,10,18,24,40,49,7,28543660
19/133,2019-12-03,1,15,23,29,45,47,6,0
19/134,2019-12-05,2,6,8,16,23,31,1,0
19/135,2019-12-07,14,25,26,30,32,47,4,0
19/136,2019-12-10,5,6,11,12,28,35,17,0
19/137,2019-12-12,6,21,32,35,39,49,15,0
19/138,2019-12-14,2,4,6,8,28,29,5,6886530
19/139,2019-12-17,3,20,23,30,34,41,47,0
19/140,2019-12-19,22,24,28,31,35,39,12,0
19/141,2019-12-22,11,22,24,26,41,42,2,0
19/142,2019-12-24,5,11,14,23,30,32,20,30307270
19/143,2019-12-28,1,22,25,27,31,36,47,8000000
19/144,2019-12-31,5,10,18,20,28,33,17,0
20/001,2020-01-02,15,17,29,30,34,37,40,0
20/002,2020-01-07,1,24,25,27,31,37,8,0
20/003,2020-01-12,5,17,35,37,42,49,39,0
20/004,2020-01-16,2,20,24,30,32,46,1,65041090
20/005,2020-01-18,18,29,32,33,36,40,38,0
20/006,2020-01-21,11,14,21,28,37,44,36,0
20/007,2020-01-23,2,11,13,45,46,49,42,0
20/008,2020-02-01,3,5,30,31,43,48,13,38895010
20/009,2020-09-24,11,24,26,35,42,44,20,8000000
20/010,2020-09-29,9,21,26,27,28,48,45,0
20/011,2020-10-08,21,28,33,34,40,47,49,16196490
20/012,2020-10-15,9,26,28,33,38,46,44,0
20/013,2020-10-22,1,13,19,24,29,45,26,0
20/014,2020-10-29,6,11,33,38,40,43,2,22008360
20/015,2020-11-06,11,17,35,36,38,40,6,0
20/016,2020-11-10,13,15,25,28,45,49,24,0
20/017,2020-11-13,6,15,17,18,28,47,32,0
20/018,2020-11-17,13,19,20,21,33,49,45,0
20/019,2020-11-20,22,25,30,33,34,43,24,52526520
20/020,2020-11-24,7,12,16,22,45,47,25,0
20/021,2020-11-27,5,12,13,23,27,38,39,0
20/022,2020-12-01,24,27,29,31,42,47,22,0
20/023,2020-12-04,11,13,19,38,39,41,47,22100500
20/024,2020-12-08,7,32,34,35,48,49,23,0
20/025,2020-12-11,1,11,23,29,41,46,44,13089780
20/026,2020-12-15,2,11,13,20,21,33,14,8000000
20/027,2020-12-18,8,11,12,23,34,49,28,0
20/028,2020-12-22,11,20,36,37,39,48,21,0
20/029,2020-12-25,14,18,24,27,28,41,45,0
20/030,2020-12-29,10,11,24,39,41,42,22,0
21/001,2021-01-02,3,9,14,21,45,46,34,29531320
21/002,2021-01-05,22,24,30,36,38,46,33,0
21/003,2021-01-08,5,19,29,32,33,34,43,0
21/004,2021-01-12,5,19,22,26,35,40,2,31686650
21/005,2021-01-15,4,24,39,41,42,45,6,0
21/006,2021-01-19,14,21,22,38,40,45,17,0
21/007,2021-01-22,15,16,18,21,24,31,22,0
21/008,2021-01-26,5,9,16,21,44,49,15,0
21/009,2021-01-29,2,10,30,31,35,46,3,0
21/010,2021-02-02,18,21,24,26,30,35,48,63275870
21/011,2021-02-05,10,16,22,40,44,45,49,8000000
21/012,2021-02-09,1,2,16,20,31,38,7,0
21/013,2021-02-12,6,25,31,36,41,47,10,0
21/014,2021-02-16,3,13,28,30,31,45,22,0
21/015,2021-02-19,4,5,13,14,25,44,16,0
21/016,2021-02-23,2,14,18,28,34,44,21,0
21/017,2021-02-26,14,17,35,37,39,46,2,0
21/018,2021-03-02,6,15,16,21,27,28,43,0
21/019,2021-03-05,1,23,32,38,43,46,5,0
21/020,2021-03-12,16,17,21,24,43,47,30,0
21/021,2021-03-19,3,8,9,14,23,25,35,76287420
21/022,2021-03-23,11,14,16,19,38,41,6,0
21/023,2021-03-26,6,12,24,26,30,43,20,0
21/024,2021-03-30,24,26,36,37,41,43,31,20085580
21/025,2021-04-02,1,2,33,34,42,49,39,0
21/026,2021-04-06,4,7,8,20,22,41,21,0
21/027,2021-04-09,7,9,12,13,14,16,23,0
21/028,2021-04-13,7,10,13,14,20,35,49,28970560
21/029,2021-04-16,5,6,17,23,29,38,24,19281120
21/030,2021-04-20,12,32,40,42,48,49,27,0
21/031,2021-04-23,15,18,20,23,31,47,12,0
21/032,2021-04-27,2,13,15,19,38,41,30,0
21/033,2021-04-30,7,9,29,33,36,49,41,0
21/034,2021-05-04,8,9,10,19,38,45,6,0
21/035,2021-05-07,5,8,22,26,40,41,46,0
21/036,2021-05-11,15,22,30,31,35,45,6,45659740
21/037,2021-05-14,5,14,28,29,31,37,11,14831010
21/038,2021-05-18,2,9,26,34,35,36,4,0
21/039,2021-05-21,8,14,31,37,44,47,38,0
21/040,2021-05-25,1,7,19,22,27,49,20,19807490
21/041,2021-05-28,5,12,30,43,44,45,21,0
21/042,2021-06-01,1,6,16,28,33,36,8,0
21/043,2021-06-04,2,6,16,22,34,49,45,0
21/044,2021-06-08,7,13,21,24,28,30,10,0
21/045,2021-06-11,2,3,15,29,41,43,7,0
21/046,2021-06-15,3,11,13,22,44,45,4,60968530
21/047,2021-06-17,1,25,31,34,42,48,20,37883790
21/048,2021-06-19,4,15,17,32,38,43,30,0
21/049,2021-06-22,1,5,7,24,26,30,8,0
21/050,2021-06-24,4,11,14,21,38,48,31,0
21/051,2021-06-27,2,7,11,27,37,42,28,26050660
21/052,2021-06-29,10,16,24,39,44,47,28,0
21/053,2021-07-03,7,9,24,29,37,48,17,13120260
21/054,2021-07-06,2,6,15,16,26,34,14,0
21/055,2021-07-08,7,9,13,27,39,43,42,0
21/056,2021-07-10,25,28,34,37,40,49,33,0
21/057,2021-07-13,9,13,21,35,38,48,20,0
21/058,2021-07-15,6,19,22,23,28,49,20,0
21/059,2021-07-17,1,6,16,30,32,47,12,42438580
21/060,2021-07-20,2,7,15,19,31,49,46,0
21/061,2021-07-22,2,3,4,5,8,23,27,2362510
21/062,2021-07-24,11,12,25,27,28,34,46,5333330
21/063,2021-07-27,8,11,19,22,29,44,14,0
21/064,2021-08-01,1,4,9,21,36,42,3,33424220
21/065,2021-08-03,10,13,15,29,31,39,47,0
21/066,2021-08-05,10,17,19,25,36,39,31,0
21/067,2021-08-07,13,14,26,34,35,44,12,0
21/068,2021-08-10,4,12,14,17,22,32,41,0
21/069,2021-08-12,20,21,30,34,36,37,29,0
21/070,2021-08-14,11,12,19,38,39,41,6,0
21/071,2021-08-19,4,26,28,31,32,33,8,0
21/072,2021-08-21,2,5,18,21,42,48,46,0
21/073,2021-08-26,5,10,17,30,43,44,40,91247640
21/074,2021-08-28,2,14,15,16,33,45,19,0
21/075,2021-08-31,1,12,23,29,45,46,48,14105370
21/076,2021-09-02,10,28,39,45,48,49,15,0
21/077,2021-09-04,5,8,29,31,32,36,12,0
21/078,2021-09-07,2,7,21,23,27,36,40,0
21/079,2021-09-09,7,22,24,31,33,37,39,27672260
21/080,2021-09-11,12,26,31,37,38,44,16,0
21/081,2021-09-14,7,8,32,33,39,49,23,9629500
21/082,2021-09-16,1,6,11,20,32,35,22,0
21/083,2021-09-21,14,15,25,26,32,45,2,85976090
21/084,2021-09-23,2,4,10,17,38,41,47,0
21/085,2021-09-25,15,18,32,43,45,47,12,0
21/086,2021-09-28,2,23,31,38,43,45,40,0
21/087,2021-09-30,2,3,11,20,24,47,48,0
21/088,2021-10-02,6,12,19,31,47,48,41,43856210
21/089,2021-10-05,19,20,26,29,32,48,38,0
21/090,2021-10-07,8,11,19,21,24,47,23,0
21/091,2021-10-14,2,6,9,27,43,45,35,0
21/092,2021-10-16,3,14,16,23,38,46,2,31002850
21/093,2021-10-19,7,13,15,19,24,37,2,0
21/094,2021-10-21,6,9,11,13,15,47,38,0
21/095,2021-10-26,9,14,23,28,34,48,36,83352030
21/096,2021-10-28,1,5,17,26,34,48,42,0
21/097,2021-10-30,3,14,37,41,42,45,4,0
21/098,2021-11-02,4,5,24,33,44,49,41,0
21/099,2021-11-04,3,22,30,32,40,43,5,33197770
21/100,2021-11-06,13,15,40,41,42,49,21,0
21/101,2021-11-09,3,11,15,25,30,45,33,14061490
21/102,2021-11-11,10,13,31,37,40,46,15,0
21/103,2021-11-14,1,11,15,21,24,28,8,0
21/104,2021-11-16,9,13,25,27,33,36,35,23567110
21/105,2021-11-18,2,16,23,25,29,38,18,0
21/106,2021-11-20,18,19,24,38,39,42,41,0
21/107,2021-11-23,2,6,11,22,34,38,7,0
21/108,2021-11-25,10,28,36,39,47,48,44,27999870
21/109,2021-11-27,2,14,30,41,42,44,22,0
21/110,2021-11-30,1,17,22,26,38,44,8,0
21/111,2021-12-02,3,21,26,36,38,49,9,34648060
21/112,2021-12-04,1,21,24,29,44,46,19,0
21/113,2021-12-07,4,13,19,21,35,43,27,35204920
21/114,2021-12-09,4,7,9,13,15,43,1,0
21/115,2021-12-11,7,21,34,35,42,48,41,0
21/116,2021-12-14,7,24,29,36,41,43,35,0
21/117,2021-12-16,5,6,19,43,47,49,39,0
21/118,2021-12-19,12,20,21,26,33,42,9,0
21/119,2021-12-21,11,12,16,32,43,44,41,0
21/120,2021-12-23,3,9,11,17,22,44,23,35231080
21/121,2021-12-25,8,11,20,30,35,40,27,0
21/122,2021-12-28,21,25,30,33,36,49,3,0
21/123,2021-12-30,20,21,22,29,34,35,7,0
22/001,2022-01-04,2,8,12,14,20,47,36,0
22/002,2022-01-20,1,3,10,11,30,42,39,17446020
22/003,2022-01-27,10,18,20,29,32,33,2,0
22/004,2022-02-05,15,18,21,25,39,43,33,0
22/005,2022-02-10,6,13,17,28,35,44,5,21313080
22/006,2022-02-17,6,7,22,34,35,46,8,0
22/007,2022-02-24,2,9,11,12,16,24,43,9812450
22/008,2022-03-03,12,19,21,22,40,43,46,0
22/009,2022-03-08,1,5,23,42,46,49,11,0
22/010,2022-03-11,11,20,23,29,38,47,12,0
22/011,2022-03-15,3,10,12,28,39,48,17,24354680
22/012,2022-03-18,12,18,22,30,40,49,15,16443330
22/013,2022-03-22,6,28,32,33,40,45,1,0
22/014,2022-03-25,15,20,26,28,29,46,12,19936240
22/015,2022-03-29,8,18,21,35,37,38,10,0
22/016,2022-04-01,4,8,21,40,46,49,34,0
22/017,2022-04-05,9,11,12,22,29,42,3,18025780
22/018,2022-04-08,10,20,36,38,43,48,30,0
22/019,2022-04-12,8,11,12,20,26,30,28,15542020
22/020,2022-04-15,21,25,30,36,37,47,42,12686100
22/021,2022-04-19,12,23,28,34,39,46,44,0
22/022,2022-04-22,8,11,15,19,34,37,25,0
22/023,2022-04-26,9,23,30,32,34,40,25,0
22/024,2022-04-29,1,7,16,28,31,48,18,0
22/025,2022-05-03,3,8,11,15,18,40,41,0
22/026,2022-05-06,2,15,41,42,44,46,40,42745410
22/027,2022-05-10,12,14,19,39,41,48,33,0
22/028,2022-05-13,1,5,10,22,30,34,42,12146300
22/029,2022-05-17,4,7,29,35,40,46,17,0
22/030,2022-05-20,27,30,36,38,45,46,34,0
22/031,2022-05-24,5,7,8,17,47,49,34,0
22/032,2022-05-27,1,17,25,29,42,46,8,0
22/033,2022-05-31,2,13,35,39,43,48,9,25632360
22/034,2022-06-03,1,27,32,35,38,44,24,0
22/035,2022-06-07,9,16,21,35,47,48,36,0
22/036,2022-06-10,11,17,24,26,37,41,34,0
22/037,2022-06-14,7,16,21,30,34,38,41,0
22/038,2022-06-17,9,17,24,27,33,39,48,19797720
22/039,2022-06-21,2,15,20,30,47,48,44,0
22/040,2022-06-27,1,13,19,26,29,37,15,58730450
22/041,2022-07-03,19,21,23,26,37,39,13,8000000
22/042,2022-07-05,9,30,31,32,37,40,25,0
22/043,2022-07-08,7,10,28,30,32,36,27,0
22/044,2022-07-12,4,13,22,27,43,47,23,0
22/045,2022-07-15,19,20,25,29,46,47,35,0
22/046,2022-07-22,5,12,21,30,34,38,3,47333350
22/047,2022-07-26,6,14,23,31,38,48,1,0
22/048,2022-07-28,8,13,16,21,23,49,44,0
22/049,2022-07-30,21,25,34,37,41,46,14,21531600
22/050,2022-08-02,4,8,9,11,42,46,47,0
22/051,2022-08-04,13,24,30,35,36,39,29,0
22/052,2022-08-09,1,12,25,28,36,46,13,18489150
22/053,2022-08-11,7,12,22,26,43,49,5,0
22/054,2022-08-13,6,22,25,33,38,47,10,0
22/055,2022-08-16,7,20,31,35,41,47,42,24301130
22/056,2022-08-18,2,8,19,21,24,47,4,19987420
22/057,2022-08-20,8,17,19,28,31,35,46,0
22/058,2022-08-23,4,8,9,10,30,42,22,0
22/059,2022-08-25,16,19,32,33,42,46,34,18078230
22/060,2022-08-27,12,22,34,35,39,45,7,8000000
22/061,2022-08-30,7,8,9,17,24,25,20,8000000
22/062,2022-09-01,23,24,30,31,45,46,26,0
22/063,2022-09-03,2,8,12,19,35,45,33,0
22/064,2022-09-06,14,22,35,37,42,46,24,0
22/065,2022-09-08,8,14,15,20,41,44,3,0
22/066,2022-09-13,2,4,20,38,40,46,11,29226960
22/067,2022-09-15,21,23,29,30,33,49,40,0
22/068,2022-09-17,5,17,22,24,34,38,13,0
22/069,2022-09-20,4,7,14,18,27,31,48,0
22/070,2022-09-22,8,11,31,32,33,36,46,0
22/071,2022-09-24,4,6,10,27,29,46,17,34648370
22/072,2022-09-27,2,18,29,30,32,47,46,8000000
22/073,2022-09-29,6,8,18,36,37,44,30,8000000
22/074,2022-10-02,1,7,11,24,27,38,17,0
22/075,2022-10-04,7,8,12,13,26,43,3,11440530
22/076,2022-10-06,4,11,21,28,31,47,5,10454840
22/077,2022-10-08,7,11,28,31,43,48,42,10556950
22/078,2022-10-11,1,5,10,25,36,47,23,0
22/079,2022-10-13,1,10,14,38,47,48,40,0
22/080,2022-10-15,18,21,25,28,38,44,45,0
22/081,2022-10-18,7,25,26,39,44,45,46,0
22/082,2022-10-20,20,24,27,31,32,49,36,0
22/083,2022-10-22,12,15,16,42,44,45,4,0
22/084,2022-10-25,27,28,30,34,35,48,11,67977820
22/085,2022-10-29,4,5,12,15,28,29,20,52210140
22/086,2022-11-01,2,12,14,32,41,46,20,0
22/087,2022-11-03,10,13,19,21,27,49,35,0
22/088,2022-11-05,7,11,22,23,28,32,29,19627440
22/089,2022-11-08,10,20,27,32,38,46,4,0
22/090,2022-11-10,11,12,14,18,29,30,31,0
22/091,2022-11-13,5,12,18,19,26,33,46,19971910
22/092,2022-11-15,17,18,32,38,44,49,19,0
22/093,2022-11-17,1,9,27,32,33,35,45,6965150
22/094,2022-11-19,6,11,27,39,46,47,15,0
22/095,2022-11-22,6,10,11,13,32,46,39,0
22/096,2022-11-24,3,12,14,19,25,28,11,19644220
22/097,2022-11-26,14,25,28,29,43,44,10,0
22/098,2022-11-29,12,18,22,28,31,40,7,12879910
22/099,2022-12-01,14,18,27,32,39,42,43,0
22/100,2022-12-03,2,15,31,34,38,41,21,13780810
22/101,2022-12-06,6,11,17,30,44,46,5,0
22/102,2022-12-08,17,19,35,39,44,46,21,18752260
22/103,2022-12-10,6,12,20,25,39,49,7,0
22/104,2022-12-13,12,38,39,40,45,49,10,0
22/105,2022-12-15,5,7,18,26,31,45,30,0
22/106,2022-12-17,6,14,15,26,35,40,8,0
22/107,2022-12-20,28,36,37,38,41,45,42,0
22/108,2022-12-22,16,18,19,33,41,46,37,59781380
22/109,2022-12-25,2,7,11,14,18,39,29,0
22/110,2022-12-27,5,13,18,32,39,45,44,0
22/111,2022-12-29,1,2,21,33,41,45,4,0
23/001,2023-01-03,7,20,25,27,35,43,1,86256300
23/002,2023-01-05,5,9,19,34,36,49,23,8000000
23/003,2023-01-07,10,31,33,34,43,49,40,0
23/004,2023-01-10,2,21,24,29,35,47,18,0
23/005,2023-01-12,6,22,26,27,40,45,13,0
23/006,2023-01-14,3,5,16,26,35,38,9,14321080
23/007,2023-01-17,10,15,29,34,38,47,18,0
23/008,2023-01-19,17,25,27,29,36,49,23,0
23/009,2023-01-26,2,3,23,31,32,43,40,92400130
23/010,2023-01-28,2,12,16,38,45,46,14,0
23/011,2023-02-02,2,8,23,33,34,35,43,56039410
23/012,2023-02-04,14,18,25,29,31,42,6,0
23/013,2023-02-07,4,11,13,14,30,37,20,0
23/014,2023-02-09,1,9,13,27,29,40,20,0
23/015,2023-02-11,13,18,22,29,34,41,23,31022110
23/016,2023-02-14,3,13,19,32,33,39,24,0
23/017,2023-02-16,8,9,13,22,38,39,11,5289720
23/018,2023-02-18,4,12,20,28,34,49,43,0
23/019,2023-02-21,8,19,29,30,33,41,4,0
23/020,2023-02-23,8,16,32,42,47,48,35,0
23/021,2023-02-25,14,25,27,28,44,47,4,0
23/022,2023-02-28,8,13,29,33,40,42,3,41228280
23/023,2023-03-02,14,17,19,32,39,46,36,0
23/024,2023-03-04,1,9,15,26,42,44,25,0
23/025,2023-03-07,4,11,12,26,37,40,7,0
23/026,2023-03-09,1,4,7,14,31,37,11,27975670
23/027,2023-03-12,11,12,13,20,35,43,44,0
23/028,2023-03-14,1,2,10,12,18,37,43,0
23/029,2023-03-16,18,21,28,30,34,40,14,0
23/030,2023-03-18,4,7,17,34,42,48,3,48270680
23/031,2023-03-21,8,13,18,30,33,41,20,5333330
23/032,2023-03-23,5,14,17,20,22,32,33,0
23/033,2023-03-25,11,15,18,26,31,37,10,15024910
23/034,2023-03-28,9,10,16,41,44,46,39,0
23/035,2023-03-30,1,8,12,36,42,47,40,0
23/036,2023-04-01,8,9,12,19,21,40,24,0
23/037,2023-04-04,15,19,20,24,36,47,4,0
23/038,2023-04-08,1,13,17,18,33,36,22,12168880
23/039,2023-04-11,12,23,29,40,42,43,20,0
23/040,2023-04-13,9,14,15,32,36,48,25,0
23/041,2023-04-16,10,12,18,20,23,36,6,23293190
23/042,2023-04-18,20,23,27,28,30,46,29,0
23/043,2023-04-20,1,20,24,28,38,46,40,0
23/044,2023-04-22,2,6,7,9,17,19,26,7602480
23/045,2023-04-25,20,26,38,43,46,47,35,0
23/046,2023-04-27,8,12,21,43,44,49,27,15042030
23/047,2023-04-29,7,8,17,19,27,40,2,8000000
23/048,2023-05-02,4,10,20,32,38,49,7,8000000
23/049,2023-05-04,2,10,28,37,47,49,7,0
23/050,2023-05-06,1,5,14,15,21,25,31,12530890
23/051,2023-05-09,7,10,22,25,32,35,27,0
23/052,2023-05-11,17,18,28,30,32,33,1,0
23/053,2023-05-14,1,4,9,35,37,48,43,22308760
23/054,2023-05-16,2,18,27,31,32,46,44,0
23/055,2023-05-18,5,6,12,16,41,47,7,0
23/056,2023-05-20,1,19,22,26,46,47,39,0
23/057,2023-05-23,4,14,15,37,41,49,38,0
23/058,2023-05-25,3,14,18,26,40,43,15,0
23/059,2023-05-27,11,20,21,22,27,32,12,49073940
23/060,2023-05-30,3,9,15,30,32,41,26,8000000
23/061,2023-06-01,14,30,32,42,45,47,4,8000000
23/062,2023-06-03,2,16,24,25,47,48,40,0
23/063,2023-06-06,6,12,34,42,45,48,2,0
23/064,2023-06-08,4,22,24,28,45,46,7,0
23/065,2023-06-11,14,16,18,22,30,47,11,0
23/066,2023-06-13,14,16,22,26,36,42,19,40948040
23/067,2023-06-15,5,13,17,20,33,38,14,8000000
23/068,2023-06-17,18,22,31,35,44,48,6,0
23/069,2023-06-20,8,18,31,34,35,47,39,0
23/070,2023-06-22,14,15,24,30,37,39,26,0
23/071,2023-06-24,1,11,14,16,26,36,39,56344000
23/072,2023-06-27,7,10,16,18,29,45,1,0
23/073,2023-06-29,6,10,18,21,22,33,4,19056090
23/074,2023-07-02,3,6,25,29,35,42,36,0
23/075,2023-07-04,5,15,20,29,32,37,18,0
23/076,2023-07-08,1,11,22,26,38,39,27,25256940
23/077,2023-07-11,7,19,22,27,40,47,13,0
23/078,2023-07-13,3,8,11,23,36,38,33,24082090
23/079,2023-07-15,4,9,12,33,37,42,3,0
23/080,2023-07-18,15,16,34,36,39,40,42,26751000
23/081,2023-07-20,4,16,18,34,35,46,47,0
23/082,2023-07-25,1,2,10,13,29,47,9,21616130
23/083,2023-07-27,13,15,17,18,20,43,39,8000000
23/084,2023-07-29,13,23,26,40,41,43,14,0
23/085,2023-08-01,2,7,25,28,31,35,11,0
23/086,2023-08-03,3,14,23,30,33,44,21,0
23/087,2023-08-05,2,8,24,39,41,44,40,29063330
23/088,2023-08-08,4,7,18,28,30,40,29,0
23/089,2023-08-10,2,3,4,13,18,42,12,0
23/090,2023-08-12,3,12,13,17,24,36,16,0
23/091,2023-08-15,4,12,17,37,38,39,41,13292970
23/092,2023-08-17,3,9,15,18,21,37,42,0
23/093,2023-08-19,8,14,18,20,23,25,44,6369920
23/094,2023-08-22,1,5,7,12,48,49,16,8000000
23/095,2023-08-24,6,18,29,31,44,46,8,0
23/096,2023-08-26,16,26,31,35,39,46,3,0
23/097,2023-08-29,3,6,7,33,36,46,4,20215930
23/098,2023-08-31,10,15,17,21,40,44,12,8000000
23/099,2023-09-03,15,20,25,39,45,48,28,0
23/100,2023-09-05,2,5,20,24,27,32,12,0
23/101,2023-09-07,20,22,24,25,29,49,36,0
23/102,2023-09-09,4,6,19,32,39,42,34,0
23/103,2023-09-12,4,10,12,16,30,32,14,34785090
23/104,2023-09-14,17,27,30,31,32,38,11,0
23/105,2023-09-16,10,24,34,40,41,45,35,0
23/106,2023-09-19,8,9,10,27,35,38,46,0
23/107,2023-09-21,1,10,22,28,33,46,37,0
23/108,2023-09-23,3,27,28,35,44,46,12,0
23/109,2023-09-28,9,12,30,31,45,48,46,87091760
23/110,2023-09-30,6,8,11,26,35,47,1,0
23/111,2023-10-03,8,16,32,39,40,43,29,47871870
23/112,2023-10-05,2,11,20,29,41,49,45,0
23/113,2023-10-07,4,9,12,36,43,47,26,13755970
23/114,2023-10-10,1,12,22,23,34,39,30,8000000
23/115,2023-10-12,2,13,23,28,30,31,3,8000000
23/116,2023-10-14,1,29,31,42,47,48,40,0
23/117,2023-10-17,8,18,24,34,41,42,31,0
23/118,2023-10-19,1,13,18,32,34,49,44,0
23/119,2023-10-21,6,8,12,31,32,46,4,30402240
23/120,2023-10-24,19,20,29,45,48,49,8,0
23/121,2023-10-26,11,16,27,32,33,37,24,15461650
23/122,2023-10-31,4,33,35,36,41,49,1,57679340
23/123,2023-11-02,3,14,32,37,43,47,26,0
23/124,2023-11-04,2,13,16,28,40,44,46,0
23/125,2023-11-07,7,16,26,31,47,49,44,21842120
23/126,2023-11-09,1,4,18,25,30,49,15,19982510
23/127,2023-11-12,19,26,32,34,37,44,11,0
23/128,2023-11-14,2,15,27,36,37,48,23,0
23/129,2023-11-16,3,5,8,16,26,33,24,16459630
23/130,2023-11-18,6,25,29,30,34,35,20,8000000
23/131,2023-11-21,9,11,15,17,19,44,7,0
23/132,2023-11-23,11,16,24,27,28,32,48,13171710
23/133,2023-11-25,2,8,12,28,34,47,7,0
23/134,2023-11-28,3,14,20,30,38,42,13,14213450
23/135,2023-11-30,7,12,32,34,36,39,5,0
23/136,2023-12-02,3,17,30,36,38,45,8,0
23/137,2023-12-05,9,16,23,38,39,41,19,0
23/138,2023-12-07,27,28,37,38,43,45,40,0
23/139,2023-12-09,2,3,4,31,46,49,34,0
23/140,2023-12-12,3,10,20,24,27,42,45,0
23/141,2023-12-14,3,4,11,37,44,48,36,0
23/142,2023-12-19,4,9,13,33,35,46,6,61757860
23/143,2023-12-21,1,10,12,33,46,49,32,0
23/144,2023-12-24,2,8,16,19,37,49,20,0
23/145,2023-12-28,11,18,27,29,34,45,28,0
23/146,2023-12-30,5,8,19,25,41,48,24,0
24/001,2024-01-03,2,3,19,34,37,46,32,0
24/002,2024-01-06,1,4,24,31,33,34,2,73616970
24/003,2024-01-09,3,9,16,19,33,35,39,8000000
24/004,2024-01-11,3,6,8,26,29,38,1,0
24/005,2024-01-14,3,17,18,36,38,39,21,0
24/006,2024-01-16,1,6,8,27,41,47,29,0
24/007,2024-01-18,2,10,17,46,47,49,3,0
24/008,2024-01-20,3,25,31,40,43,48,45,41969540
24/009,2024-01-23,2,6,7,14,30,43,15,0
24/010,2024-01-25,2,5,15,32,45,49,19,14132260
24/011,2024-01-27,1,8,13,19,34,47,12,8000000
24/012,2024-01-30,8,20,21,29,30,49,32,8000000
24/013,2024-02-01,4,12,15,23,24,31,43,0
24/014,2024-02-03,3,7,21,32,36,47,23,0
24/015,2024-02-06,15,18,19,38,41,49,22,0
24/016,2024-02-08,5,7,9,20,22,25,13,34474930
24/017,2024-02-14,10,12,13,24,25,48,15,82413940
24/018,2024-02-17,9,23,26,27,36,41,24,8000000
24/019,2024-02-20,10,26,27,29,30,45,37,0
24/020,2024-02-22,22,25,33,34,35,39,5,14341020
24/021,2024-02-24,2,7,24,29,30,36,6,8000000
24/022,2024-02-27,3,11,12,22,24,26,21,0
24/023,2024-02-29,5,13,16,36,39,41,38,0
24/024,2024-03-02,7,23,31,35,43,46,10,0
24/025,2024-03-05,11,24,34,36,39,42,38,0
24/026,2024-03-07,5,22,30,31,32,39,44,0
24/027,2024-03-09,4,5,8,21,32,42,45,0
24/028,2024-03-12,13,16,18,24,32,43,44,88597560
24/029,2024-03-14,6,23,24,31,34,49,1,0
24/030,2024-03-17,1,8,13,23,40,44,15,76086400
24/031,2024-03-19,7,8,29,30,36,48,28,0
24/032,2024-03-21,6,19,20,34,39,42,44,7675880
24/033,2024-03-23,11,18,24,35,42,46,3,0
24/034,2024-03-26,6,11,12,18,24,42,38,0
24/035,2024-03-28,2,9,15,20,39,48,43,22142760
24/036,2024-03-30,2,6,18,22,36,39,21,41051450
24/037,2024-04-02,16,25,31,42,43,44,7,0
24/038,2024-04-04,4,8,12,22,24,26,1,14659460
24/039,2024-04-06,15,16,17,30,34,35,25,8000000
24/040,2024-04-09,13,20,29,30,34,48,3,8000000
24/041,2024-04-11,2,7,9,13,33,35,49,0
24/042,2024-04-13,6,10,12,14,17,41,47,13644070
24/043,2024-04-16,12,14,17,18,23,44,27,0
24/044,2024-04-18,17,25,26,30,38,48,28,0
24/045,2024-04-21,7,8,10,12,17,27,25,7909880
24/046,2024-04-23,5,6,16,27,37,47,24,5333330
24/047,2024-04-25,3,17,25,32,36,38,46,0
24/048,2024-04-27,9,18,28,40,47,48,23,0
24/049,2024-04-30,11,12,28,35,37,39,30,0
24/050,2024-05-02,6,18,21,39,42,46,17,0
24/051,2024-05-04,1,3,7,21,28,30,45,15089930
24/052,2024-05-07,8,19,27,30,36,42,2,0
24/053,2024-05-09,5,14,15,18,23,48,13,0
24/054,2024-05-12,3,9,25,30,36,41,19,21736320
24/055,2024-05-14,14,37,38,41,45,49,5,0
24/056,2024-05-16,21,32,40,43,44,49,1,0
24/057,2024-05-18,8,17,19,27,33,45,37,0
24/058,2024-05-21,2,3,4,15,37,40,8,0
24/059,2024-05-23,5,9,18,21,36,40,13,36769230
24/060,2024-05-25,7,26,30,37,46,49,25,0
24/061,2024-05-28,33,37,38,43,44,46,32,0
24/062,2024-05-30,1,24,25,27,30,32,13,0
24/063,2024-06-01,6,18,28,33,36,48,11,23177670
24/064,2024-06-04,6,11,19,21,27,43,44,0
24/065,2024-06-09,6,9,12,17,19,42,13,0
24/066,2024-06-13,1,5,15,19,25,39,46,67718480
24/067,2024-06-16,3,7,13,17,21,49,4,8000000
24/068,2024-06-18,9,16,31,33,38,48,23,0
24/069,2024-06-20,14,21,26,27,42,46,45,15063020
24/070,2024-06-22,18,25,28,34,42,49,14,0
24/071,2024-06-25,21,30,34,40,48,49,16,0
24/072,2024-06-27,2,17,24,30,32,40,16,22491580
24/073,2024-06-29,7,21,29,30,36,46,42,0
24/074,2024-07-02,5,8,15,21,27,37,2,0
24/075,2024-07-07,1,2,17,27,34,41,22,0
24/076,2024-07-09,18,25,30,35,36,40,44,0
24/077,2024-07-11,8,20,29,33,34,44,12,48800550
24/078,2024-07-13,17,21,24,27,29,48,8,0
24/079,2024-07-16,11,13,17,34,40,47,21,0
24/080,2024-07-18,11,12,18,28,29,30,39,23269430
24/081,2024-07-20,17,18,31,33,39,41,14,8000000
24/082,2024-07-23,12,13,24,25,27,34,4,0
24/083,2024-07-25,3,16,18,26,43,45,9,0
24/084,2024-07-30,6,7,17,20,21,25,26,49808800
24/085,2024-08-01,2,9,16,39,43,46,20,8000000
24/086,2024-08-03,5,6,8,22,26,44,40,8000000
24/087,2024-08-06,3,4,7,13,27,41,38,8000000
24/088,2024-08-08,3,6,7,8,11,29,49,2000000
24/089,2024-08-10,8,12,21,35,44,45,2,8000000
24/090,2024-08-13,7,9,20,21,30,35,26,8071050
24/091,2024-08-15,3,16,33,35,39,44,8,0
24/092,2024-08-17,6,13,19,21,26,28,9,11836290
24/093,2024-08-20,1,4,16,26,39,49,7,4000000
24/094,2024-08-22,8,9,16,21,32,33,34,8000000
24/095,2024-08-24,9,15,19,28,31,41,42,0
24/096,2024-08-27,2,15,23,33,34,39,19,0
24/097,2024-08-29,6,7,18,24,28,29,1,13080890
24/098,2024-08-31,2,21,34,36,41,47,31,0
24/099,2024-09-03,2,3,7,25,46,48,13,0
24/100,2024-09-07,5,24,26,32,35,40,16,0
24/101,2024-09-10,1,12,16,20,21,30,27,27998840
24/102,2024-09-12,14,18,20,25,32,43,45,0
24/103,2024-09-17,5,18,21,24,27,44,10,50366360
24/104,2024-09-19,5,18,21,24,44,47,20,8000000
24/105,2024-09-21,2,3,14,25,27,36,45,0
24/106,2024-09-24,9,17,28,31,40,49,25,0
24/107,2024-09-26,2,4,29,35,38,49,14,0
24/108,2024-10-02,8,15,21,32,43,47,41,0
24/109,2024-10-08,10,16,24,32,37,40,19,30972690
24/110,2024-10-10,10,33,35,40,44,48,6,0
24/111,2024-10-12,4,8,9,19,20,48,21,0
24/112,2024-10-15,19,36,37,43,44,49,8,0
24/113,2024-10-17,11,17,22,26,33,46,35,0
24/114,2024-10-22,13,21,28,30,41,49,3,0
24/115,2024-10-28,5,6,13,15,36,49,23,33625630
24/116,2024-10-31,7,13,16,22,23,31,6,8000000
24/117,2024-11-02,14,16,25,40,41,45,27,0
24/118,2024-11-05,7,11,13,24,27,31,35,13569080
24/119,2024-11-07,11,17,33,36,40,44,2,0
24/120,2024-11-10,3,20,24,27,30,42,17,13105110
24/121,2024-11-12,5,13,22,27,45,46,7,0
24/122,2024-11-14,8,14,20,28,36,39,30,0
24/123,2024-11-16,1,3,7,19,31,38,23,0
24/124,2024-11-19,19,32,36,38,39,47,29,0
24/125,2024-11-21,1,3,6,14,32,34,12,0
24/126,2024-11-23,1,2,7,14,15,25,35,0
24/127,2024-11-26,8,11,12,28,29,44,34,31396100
24/128,2024-11-28,9,15,26,32,33,44,1,0
24/129,2024-11-30,10,14,23,24,33,41,38,0
24/130,2024-12-03,2,13,15,17,22,28,23,0
24/131,2024-12-05,5,12,27,29,38,40,22,0
24/132,2024-12-07,1,15,18,33,34,39,22,0
24/133,2024-12-10,3,18,24,33,43,44,4,19566290
24/134,2024-12-12,10,14,16,21,37,49,22,0
24/135,2024-12-14,1,16,18,36,37,46,38,0
24/136,2024-12-17,9,11,23,26,30,48,28,0
24/137,2024-12-19,1,2,3,36,37,41,10,0
24/138,2024-12-21,14,20,21,22,23,30,18,0
24/139,2024-12-24,8,11,18,23,25,41,45,0
24/140,2024-12-28,1,3,5,18,26,35,14,0
25/001,2025-01-02,9,23,42,44,45,46,22,0
25/002,2025-01-07,8,13,18,23,31,47,16,69234020
25/003,2025-01-09,1,19,28,33,35,41,11,0
25/004,2025-01-11,8,15,26,27,30,35,2,0
25/005,2025-01-14,3,5,11,12,18,48,6,0
25/006,2025-01-16,1,3,4,19,38,45,39,0
25/007,2025-01-18,3,4,6,12,18,32,28,33461440
25/008,2025-01-21,16,22,33,43,48,49,8,24588320
25/009,2025-01-23,3,6,24,25,34,37,45,0
25/010,2025-01-25,7,14,19,31,36,45,24,7578090
25/011,2025-02-02,14,18,30,36,40,42,1,193762620
25/012,2025-02-04,3,13,15,18,19,24,37,0
25/013,2025-02-06,1,4,18,25,38,45,23,0
25/014,2025-02-08,1,7,21,27,33,45,17,0
25/015,2025-02-11,5,15,20,26,30,40,39,27165300
25/016,2025-02-13,5,26,29,32,42,45,36,0
25/017,2025-02-15,1,8,21,25,29,34,4,0
25/018,2025-02-18,3,7,13,35,37,39,23,0
25/019,2025-02-20,13,20,22,27,41,44,36,0
25/020,2025-02-22,14,15,20,27,41,44,33,0
25/021,2025-02-25,1,2,6,11,40,47,32,43865730
25/022,2025-02-27,7,11,15,17,25,28,9,0
25/023,2025-03-01,4,15,22,25,29,42,1,0
25/024,2025-03-04,1,9,14,38,42,43,23,0
25/025,2025-03-06,4,11,19,20,30,39,45,0
25/026,2025-03-08,19,25,26,29,32,39,4,0
25/027,2025-03-11,1,4,9,14,21,37,45,0
25/028,2025-03-13,4,16,19,21,26,29,13,0
25/029,2025-03-16,29,30,36,41,48,49,14,72097390
25/030,2025-03-18,6,8,24,26,29,45,39,8000000
25/031,2025-03-20,16,20,21,24,39,43,34,0
25/032,2025-03-22,12,23,24,27,36,46,43,16462730
25/033,2025-03-25,8,11,17,36,43,48,25,0
25/034,2025-03-27,10,19,35,44,47,49,15,22766170
25/035,2025-03-29,3,5,12,13,45,47,46,0
25/036,2025-04-01,6,14,17,30,35,42,49,0
25/037,2025-04-03,2,4,7,29,32,40,44,0
25/038,2025-04-05,7,11,22,26,39,44,8,27684470
25/039,2025-04-08,11,17,20,27,36,48,21,0
25/040,2025-04-10,11,22,23,26,32,35,2,0
25/041,2025-04-12,19,21,34,36,47,49,14,18481150
25/042,2025-04-15,10,20,21,22,23,42,49,8000000
25/043,2025-04-19,1,11,24,37,45,49,22,34252320
25/044,2025-04-22,3,7,11,20,23,27,29,0
25/045,2025-04-24,12,16,21,35,44,48,32,0
25/046,2025-04-26,11,15,18,21,29,40,8,0
25/047,2025-04-29,20,21,24,30,32,38,47,0
25/048,2025-05-01,4,7,21,32,41,47,28,34540820
25/049,2025-05-03,18,20,30,35,47,49,44,0
25/050,2025-05-06,12,15,25,26,29,41,42,14849970
25/051,2025-05-08,6,11,17,22,27,43,24,13858970
25/052,2025-05-11,19,26,28,29,46,49,32,0
25/053,2025-05-13,13,26,27,41,45,49,46,13225160
25/054,2025-05-15,6,12,29,32,34,46,16,0
25/055,2025-05-17,12,22,27,29,32,34,9,0
25/056,2025-05-20,10,15,28,31,34,40,48,0
25/057,2025-05-22,4,11,26,29,34,35,18,0
25/058,2025-05-24,6,14,15,19,45,47,17,0
25/059,2025-05-29,5,6,16,21,24,35,33,55487500
25/060,2025-06-01,12,16,28,29,38,47,26,8000000
25/061,2025-06-03,1,2,13,15,41,46,27,8000000
25/062,2025-06-05,18,22,24,33,39,44,3,0
25/063,2025-06-07,9,15,27,30,34,39,19,12932520
25/064,2025-06-10,9,13,35,40,45,46,26,0
25/065,2025-06-12,6,25,32,36,39,45,13,0
25/066,2025-06-17,5,19,30,40,44,45,26,52649310
25/067,2025-06-19,7,12,13,18,34,35,6,8000000
25/068,2025-06-21,2,4,19,27,31,39,13,8000000
25/069,2025-06-24,3,21,28,33,45,49,29,8000000
25/070,2025-06-26,9,11,23,24,29,49,30,0
25/071,2025-06-29,19,29,32,34,42,46,20,0
25/072,2025-07-03,7,17,24,35,37,45,30,0
25/073,2025-07-06,5,9,22,33,46,47,36,0
25/074,2025-07-08,13,16,17,22,23,35,41,0
25/075,2025-07-10,6,13,23,25,32,39,34,42939840
25/076,2025-07-12,5,17,20,24,27,35,38,0
25/077,2025-07-15,9,12,23,30,31,44,5,14512800
25/078,2025-07-17,12,19,31,37,42,45,15,0
25/079,2025-07-19,6,25,29,40,48,49,42,13331910
25/080,2025-07-21,17,20,28,31,35,48,32,10205890
25/081,2025-07-26,19,22,25,32,33,45,36,53095300
25/082,2025-07-29,9,11,17,28,35,43,42,0
25/083,2025-07-31,10,21,23,27,35,47,39,12926330
25/084,2025-08-02,10,14,18,21,34,44,24,0
25/085,2025-08-07,3,7,25,29,37,39,8,0
25/086,2025-08-09,25,36,44,45,48,49,13,21443510
25/087,2025-08-12,8,16,18,28,29,32,20,7783550
25/088,2025-08-14,1,13,25,27,31,34,33,0
25/089,2025-08-16,4,10,15,20,32,38,26,0
25/090,2025-08-19,28,32,34,37,45,49,7,18419800
25/091,2025-08-21,6,8,10,23,32,45,3,8000000
25/092,2025-08-23,17,22,26,36,39,45,14,0
25/093,2025-08-26,2,3,16,25,38,48,6,0
25/094,2025-08-28,5,36,39,44,48,49,32,0
25/095,2025-08-30,6,18,31,33,44,49,2,0
25/096,2025-09-02,5,18,23,24,29,49,11,0
25/097,2025-09-06,6,19,22,23,34,43,11,78176980
25/098,2025-09-09,7,15,32,40,42,44,9,0
25/099,2025-09-11,11,21,22,25,32,44,38,61448360
25/100,2025-09-13,15,21,23,37,47,49,30,0
25/101,2025-09-16,14,21,22,28,32,33,25,13369530
25/102,2025-09-18,22,33,35,36,37,48,30,8000000
25/103,2025-09-20,8,13,17,24,36,43,41,0
25/104,2025-09-25,2,11,22,27,46,47,32,0
25/105,2025-09-27,8,14,16,18,26,48,44,21987270
25/106,2025-09-30,13,21,33,41,44,46,43,8625000
25/107,2025-10-06,15,17,19,23,24,34,33,54640510
25/108,2025-10-09,1,3,24,31,39,45,7,0
25/109,2025-10-11,5,6,18,19,30,39,7,12187540
25/110,2025-10-14,3,15,17,24,32,44,20,0
25/111,2025-10-16,2,11,32,40,43,48,12,0
25/112,2025-10-18,5,13,17,18,31,44,2,0
25/113,2025-10-21,1,8,9,11,18,32,13,0
25/114,2025-10-23,4,19,24,25,26,46,39,0
25/115,2025-10-25,6,7,27,36,39,43,1,0
25/116,2025-10-28,4,7,15,21,45,46,24,51565110
25/117,2025-11-04,19,20,26,28,39,44,4,34096060
25/118,2025-11-06,10,17,22,33,40,41,31,0
25/119,2025-11-08,7,9,16,17,33,46,49,0
25/120,2025-11-11,18,20,28,37,38,40,41,0
25/121,2025-11-13,10,11,28,30,37,39,15,0
25/122,2025-11-16,2,11,13,28,38,47,7,0
25/123,2025-11-18,2,4,10,26,28,36,23,0
25/124,2025-11-20,19,26,33,35,36,39,5,0
25/125,2025-11-25,1,2,17,35,37,48,8,0
25/126,2025-12-02,6,18,29,34,37,38,39,0
25/127,2025-12-06,4,6,26,28,34,40,25,122430150
25/128,2025-12-11,1,5,6,25,30,42,43,82123790
25/129,2025-12-13,10,17,19,28,45,49,1,8000000
25/130,2025-12-16,3,12,23,28,35,38,24,8831150
25/131,2025-12-18,6,23,28,31,33,34,11,0
25/132,2025-12-21,9,17,27,34,39,47,46,0
25/133,2025-12-25,1,2,4,30,41,43,13,0
25/134,2025-12-28,7,10,11,19,25,30,45,20594740
